SALES_DOCUMENT_LINE_SID,SALES_DOCUMENT_SID,DOCUMENT_LINE_NUMBER,ORIGINAL_SALES_DOCUMENT_SID,ORIGINAL_LINE_NUMBER,RELATED_DOCUMENT_NUMBER,RELATED_DOCUMENT_TYPE,RELATED_SALES_DOCUMENT_SID,RELATED_DOCUMENT_LINE_NUMBER,AGREEMENT_NUMBER_DISTRIBUTION,AGREEMENT_SUPPLEMENT_DISTRIBUTION,BILL_CUSTOMER_SID,SHIP_CUSTOMER_SID,PARENT_CUSTOMER_SID,REQUESTED_DATE_SID,ORDER_DATE_SID,SCHEDULED_PICK_DATE_SID,ACTUAL_SHIP_DATE_SID,INVOICE_DATE_SID,CANCEL_DATE_SID,GL_DATE_SID,PROMISED_DELIVERY_DATE_SID,PRICE_EFFECTIVE_DATE_DATE_SID,PROMISED_SHIPMENT_DATE_SID,REFERENCE,REFERENCE_2,ITEM_SID,ITEM_NUMBER,ITEM_NUMBER_3RD,TRANSACTION_CURRENCY,EXCHANGE_RATE,CURRENCY_CODE_BASE,SHIPMENT_NUMBER,LOCATION,LOT_SERIAL_NUMBER,FROM_GRADE,THRU_GRADE,FROM_POTENCY,THRU_POTENCY,DAYS_BEFORE_EXPIRATION,SHORT_PRODUCT_NAME,INTERNAL_NOTES,LINE_TYPE,NEXT_STATUS,LAST_STATUS,HEADER_BUSINESS_UNIT,RELATED_ITEM_NUMBER,KIT_MASTER_LINE_NUMBER,COMPONENT_LINE_NUMBER,RELATED_KIT_COMPONENT,NUMBER_OF_COMPONENT_PER_PARENT,SALES_CATALOG_SECTION,CATEGORY_CURRENT,CATALOG_SUB_SECTION,DISCOUNTS_ALLOWED,GLOBAL_PRODUCT_CATEGORY,COMMODITY_CLASS,COMMODITY_SUB_CLASS,SUPPLIER_REBATE_CODE,MASTER_PLANNING_FAMILY,LANDED_COSTING_RULE,UOM_AS_INPUT,QUANTITY_ORDERED,QUANTITY_SHIPPED,QUANTITY_BACKORDERED,QUANTITY_CANCELLED,QUANTITY_FUTURE_COMMITTED,QUANTITY_OPEN,QUANTITY_SHIPPED_TO_DATE,QUANTITY_RELIEVED,COMMITTED_HS,OTHER_QUANTITY_1_2,UNIT_PRICE,EXTENDED_PRICE,OPEN_AMOUNT,PRICE_OVERRIDE_CODE,TEMPORARY_PRICE_YN,UOM_FOR_UNIT_PRICE,LIST_PRICE,UNIT_COST,EXTENDED_COST,COST_OVERRIDE_CODE,EXTENDED_COST_TRANSFER,PRINT_MESSAGE,PAYMENT_TERMS_CODE,PAYMENT_INSTRUMENT,BASED_ON_DATE,TRADE_DISCOUNT,TRADE_DISCOUNT_OLD,ADJUSTMENT_SCHEDULE,ITEM_PRICE_GROUP,PRICING_CATEGORY_LEVEL,DISCOUNT_PCT_CASH,PICK_NUMBER,DELIVERY_NUMBER,TAXABLE,TAX_RATE,TAX_EXPL_CODE_1,ASSOCIATED_TEXT,PRIORITY_PROCESSING,PRINTED_CODE,BACKORDERS_ALLOWED_YN,SUBSTITUTES_ALLOWED_YN,PARTIAL_LINE_SHIPMENTS_ALLOWED_YN,LINE_OF_BUSINESS,END_USE,DUTY_STATUS,NATURE_OF_TRANSACTION,PRIMARY_LAST_SUPPLIER_NUMBER,CARRIER_NUMBER,MODE_OF_TRANSPORT,ROUTE_CODE,STOP_CODE,ZONE_NUMBER,CONTAINER_ID,FREIGHT_HANDLING_CODE,SHIPPING_COMMODITY_CLASS,SHIPPING_CONDITIONS_CODE,SERIAL_NUMBER_LOT,UNIT_OF_MEASURE_PRIMARY,UNITS_PRIMARY_QUANTITY_ORDERED,UNIT_OF_MEASURE_SECONDARY,UNITS_SECONDARY_QUANTITY_ORDERED,UNIT_OF_MEASURE_PRICING,UNIT_WEIGHT,WEIGHT_UNIT_OF_MEASURE,UNIT_VOLUME,VOLUME_UNIT_OF_MEASURE,REPRICE_CATEGORY,ORDER_REPRICE_CATEGORY,ORDER_REPRICED_INDICATOR,COSTING_METHOD_INVENTORY,GL_OFFSET,CENTURY,FISCAL_YEAR,INTER_BRANCH_SALES,ON_HAND_UPDATED,CONFIGURATOR_PRINT_FLAG,SALES_ORDER_STATUS_04,SUBSTITUTE_ITEM_INDICATOR,PREFERENCE_COMMITMENT_INDICATOR,SHIP_DATE_OVERRIDDEN,PRICE_ADJUSTMENT_LINE_INDICATOR,PRICE_ADJ_HISTORY_INDICATOR,PREFERENCE_PRODUCTION_ALLOCATION,TRANSFER_DIRECT_SHIP_INTERCOMPANY_FLAG,DEFERRED_ENTRIES_FLAG,EURO_CONVERSION_STATUS_FLAG,SALES_ORDER_STATUS_14,SALES_ORDER_STATUS_15,APPLY_COMMISSION_YN,COMMISSION_CATEGORY,REASON_CODE,GROSS_WEIGHT,GROSS_WEIGHT_UNIT_OF_MEASURE,GL_SUBLEDGER,SUBLEDGER_TYPE,CODE_LOCATION_TAX_STATUS,PRICE_CODE_1,PRICE_CODE_2,PRICE_CODE_3,STATUS_IN_WAREHOUSE,WORK_ORDER_FREEZE_CODE,SEND_METHOD,AMOUNT_LIST_PRICE_PER_UNIT,AMOUNT_FOREIGN_PRICE_PER_UNIT,AMOUNT_FOREIGN_EXTENDED_PRICE,AMOUNT_FOREIGN_UNIT_COST,AMOUNT_FOREIGN_EXTENDED_COST,USER_RESERVED_CODE,USER_RESERVED_DATE,USER_RESERVED_AMOUNT,USER_RESERVED_NUMBER,USER_RESERVED_REFERENCE,TRANSACTION_ORIGINATOR,DATE_UPDATED,TIME_OF_DAY,MANUFACTURING_VARIANCE_ACCOUNTING_FLAG,SALES_ORDER_STATUS_17,SALES_ORDER_STATUS_18,SALES_ORDER_STATUS_19,SALES_ORDER_STATUS_20,INTEGRATION_REFERENCE_01,INTEGRATION_REFERENCE_02,INTEGRATION_REFERENCE_03,INTEGRATION_REFERENCE_04,INTEGRATION_REFERENCE_05,SOURCE_OF_ORDER,DEMAND_UNIQUE_KEY_ID,PULL_SIGNAL,RELEASE_NUMBER,SCHEDULED_SHIPMENT_TIME,TIME_RELEASE,DATE_RELEASE,REQUESTED_DELIVERY_TIME,ACTUAL_SHIPMENT_TIME,TIME_ORIGINAL_PROMISED_DELIVERY,TIME_SCHEDULED_PICK,TIME_FUTURE_TIME_2,CROSS_DOCKING_FLAG,CROSS_DOCKING_PRIORITY_FOR_SALES_ORDERS,DUAL_UNIT_OF_MEASURE_ITEM,BUYING_SEGMENT_CODE,CURRENT_BUYING_SEGMENT_CODE,CHANGE_ORDER_NUMBER,ADDRESS_NUMBER_DELIVER_TO,PENDING_APPROVAL_FLAG,REVISION_REASON,MATRIX_CONTROL_LINE_NUMBER,PROMISED_DELIVERY_TIME,PROJECT_NUMBER,SEQUENCE_NUMBER,ITEM_REVISION_LEVEL,HOLD_ORDERS_CODE,BUSINESS_UNIT_HEADER,BUSINESS_UNIT_DEMAND,DOCUMENT_LINE_NUMBER_ORIGINAL,DATE_ORIGINAL_PROMISED_DELIVERY,CROSS_DOCK_ORDER_COMPANY,CROSS_DOCK_ORDER_NO,CROSS_DOCK_ORDER_TYPE,CROSS_DOCK_LINE_NUMBER,CROSS_DOCK_ORDER_SUFFIX,PORT_OF_ENTRY_OR_EXIT,PAYMENT_TERMS_OVERRIDE_CODE,BUYER_NUMBER,PROMOTION_ID,ASSET_ITEM_NUMBER,PARENT_NUMBER,SHIP_TO_ATTENTION,PARTNER_ADDRESS_NUMBER,PARTNER_CONTACT_LINE_NUMBER_ID,CUSTOMER_CONTACT_LINE_NUMBER_ID,SHIP_TO_CUST_CONTACT_LINE_NUM_ID,OPPORTUNITY_NUMBER,ORGANIZATION_STRUCTURE_TYPE,UNIQUE_KEY_ID,CATALOG_NAME,ALLOCATION_PROCESS_FLAG,FULFILLMENT_PLAN_ID,ALLOCATION_STATUS_NUMBER,SALES_ORDER_SCORE,ORDER_SCORE_OVERRIDE,CUSTOMER_MASTER_COMPANY,KIT_IDENTIFIER,ACCUMULATED_AMOUNT_INVOICED,ACCUMULATED_AMOUNT_INVOICED_FOREIGN,KIT_COMPONENT_DIRTY_FLAG,OC_IN_TRANSIT_FLAG,OC_KANBAN_CARD_NO,PRODUCTION_NUMBER,PRODUCTION_NUMBER_SHORT,ACTUAL_SALES_FLAG,POS_FLAG
3493788,367186,1,,,,,,,,0.0,2815,7850,2815,20210809,20210809,20210809,20240409.0,20240409,,20240409,20210823,20210809,20210816,430-S1000946913,,57001,CJ125-KIT-SB,CJ125-KIT-SB,USD,0.0,,4174740.0,AVAIL,,,,0.0,0.0,0.0,CJ-125 Chrg Kit for Spare Bat.,1/EA,S,999,900,10400,,0.0,0.0,0.0,0.0,TLS,371,4AJ,Y,,,A27,,371,,EA,1.0,1.0,0.0,0.0,0.0,0.0,1.0,0.0,H,,100.3,100.3,0.0,0,,EA,0.0,0.0,0.0,0,0.0,,312,,,0.0,0.0,DTEC,ORD,,0.0,0.0,0.0,Y,,,,3,1,Y,Y,Y,,,,,10300.0,2001.0,GRD,,,,,FP,,,,EA,1.0,EA,1.0,EA,220000.0,LB,2797.0,FC,,ORD,,02,IN19,20.0,24.0,,1,,,,1,,,1,,,,,,,,,,0.0,,,,,,,,O,,O,0.0,0.0,0.0,0.0,0.0,,0,0.0,0.0,,MDAVIS,124100,231753.0,,,0,,,,,,,,0,0.0,,,0.0,0.0,0,0.0,150039.0,0.0,0.0,0.0,,0.0,,,,0.0,0.0,P,,0.0,0.0,0.0,0.0,,,,,0.0,121228,,0.0,,0.0,,,,3962.0,,0.0,0.0,,0.0,0.0,0.0,0.0,0.0,,0.0,Ships Week of Apr 22 2024,,0,,0.0,,00000,1000.0,0.0,0.0,,,0.0,,0.0,1,0
3493789,367186,1.01,367186.0,1,,,,,,0.0,2815,7850,2815,20210809,20210809,20210809,,20240409,,20240409,20210809,20210809,20210809,430-S1000946913,,-999,Billable Freight,Billable Freight,USD,0.0,,4174740.0,,,,,0.0,0.0,0.0,FREIGHT,,F,999,924,10400,,0.0,0.0,0.0,0.0,,,,,,,,,,,EA,1.0,1.0,0.0,0.0,0.0,0.0,1.0,0.0,,,28.82,28.82,0.0,1,,EA,0.0,0.0,0.0,1,0.0,,312,,,0.0,0.0,DTEC,,,0.0,0.0,0.0,N,,,,3,,Y,Y,Y,,,,,0.0,2001.0,GRD,,,,,FP,,,,EA,1.0,,0.0,EA,0.0,,0.0,,,,,,FT10,20.0,24.0,,,,,,1,,,,,,,,,,,,,0.0,,,,,,,,,,O,0.0,0.0,0.0,0.0,0.0,,0,0.0,0.0,,SCHEDULER,124100,231753.0,,,,,,,,,,,0,0.0,,,0.0,0.0,0,0.0,0.0,0.0,0.0,0.0,,0.0,,,,0.0,0.0,P,,0.0,0.0,0.0,0.0,,,,,0.0,121221,,0.0,,0.0,,,,0.0,,0.0,0.0,,0.0,0.0,0.0,0.0,0.0,,0.0,,,0,,0.0,,,1010.0,0.0,0.0,,,0.0,,0.0,0,0
3494037,367224,1,,,,,,,,0.0,2004,6516,2004,20210809,20210809,20210809,20240411.0,20240411,,20240411,20240404,20210809,20240328,KC-89722530,,58406,IR-4745H,IR-4745H,USD,0.0,,4187620.0,AVAIL,,,,0.0,0.0,0.0,"Internal Pliers .047in Dia., 4",MTO,S,999,900,11500,,0.0,0.0,0.0,0.0,TLS,339,3W5,Y,,,K46,STR,339,,EA,16.0,16.0,0.0,0.0,0.0,0.0,16.0,0.0,H,,8.5,136.0,0.0,0,,EA,0.0,7.7428,1.2388,0,0.0,,WAA,,,0.0,0.0,DTEC,ORD,,0.0,0.0,0.0,Y,,,,0,1,Y,Y,Y,,,,,10500.0,2001.0,GRD,,,,,MPP,,,,EA,16.0,EA,16.0,EA,27200.0,LB,1016.0,FC,,ORD,,02,IN19,20.0,24.0,,1,,,,1,,,1,,,,,,,,,,0.0,,,,,,,,O,,7,0.0,0.0,0.0,0.0,0.0,,0,0.0,0.0,,JBARRETO,124102,231548.0,,,0,,,,,,,,0,0.0,,,0.0,0.0,0,0.0,3530.0,0.0,0.0,0.0,,0.0,,,,0.0,0.0,P,,0.0,0.0,0.0,0.0,,,,,0.0,121228,,0.0,,0.0,,,,3991.0,,0.0,0.0,,0.0,0.0,0.0,0.0,0.0,,0.0,Line has Shipped,,0,,0.0,,00000,1000.0,0.0,0.0,,,0.0,,0.0,1,1
3497934,367641,1,,,,,,,,0.0,2004,6515,2004,20210810,20210810,20210810,20240326.0,20240327,,20240327,20210824,20210810,20210817,FC-91055290,,59072,27R373,27R373,USD,0.0,,4167470.0,AVAIL,,,,0.0,0.0,0.0,"RRP,INT",1/EA,S,999,900,10400,,0.0,0.0,0.0,0.0,TLS,339,3X4,Y,WNP,YS,K46,STR,,US1,EA,14.0,14.0,0.0,0.0,0.0,0.0,14.0,0.0,H,,21.48,300.72,0.0,1,,EA,0.0,18.1749,2.5445,0,18.1749,,WAA,,,0.0,0.0,DTEC,ORD,,0.0,0.0,0.0,Y,,,,0,1,Y,Y,Y,,,,,10500.0,2002.0,GRD,,,,,UC,,,,EA,14.0,EA,14.0,EA,110600.0,LB,2385.0,FC,,ORD,,02,IN19,20.0,24.0,,1,,,,1,,,1,,,,,,,,,,0.0,,,,,,,,O,,7,0.0,0.0,0.0,0.0,0.0,,0,0.0,0.0,,KPERKINS,124087,231524.0,,,0,,,,,,,,0,0.0,,,0.0,0.0,0,0.0,230004.0,0.0,0.0,0.0,,0.0,,,,0.0,0.0,P,,0.0,0.0,0.0,0.0,,,,,0.0,121229,,0.0,,0.0,,,,3991.0,,0.0,0.0,,0.0,0.0,0.0,0.0,0.0,,0.0,Line has Shipped,,0,,0.0,,00000,1000.0,0.0,0.0,,,0.0,,0.0,1,1
3501884,368040,2,,,,,,,,0.0,2815,4799,2815,20210811,20210811,20210811,20240621.0,20240621,,20240621,20221114,20210811,20221107,04-1107480,,55180,S16002045,S16002045,USD,0.0,,4296440.0,AVAIL,,,,0.0,0.0,0.0,Replacement Pierce and Brass F,,S,999,900,10400,,0.0,0.0,0.0,0.0,TLS,340,3W5,Y,WNP,,K46,,340,,EA,24.0,24.0,0.0,0.0,0.0,0.0,24.0,0.0,H,,13.77,330.48,0.0,0,,,0.0,3.6973,0.8874,0,3.6973,,312,,,0.0,0.0,DTEC,ORD,,0.0,0.0,0.0,Y,,,,3,1,Y,Y,Y,,,,,66949.0,2001.0,GRD,,,,,FP,,,,EA,24.0,EA,24.0,EA,240000.0,LB,139.0,FC,,ORD,,02,IN19,20.0,24.0,,1,,,,1,,,1,,,,,,,,,,0.0,,,,,,,,O,,O,0.0,0.0,0.0,0.0,0.0,,0,0.0,0.0,,KPERKINS,124173,231811.0,,,0,,,,,,,,0,0.0,,,0.0,0.0,0,0.0,210636.0,0.0,0.0,0.0,,0.0,,,,0.0,0.0,P,,0.0,0.0,0.0,0.0,,,,,0.0,121230,,0.0,,0.0,,,,3993.0,,0.0,0.0,,0.0,0.0,0.0,0.0,0.0,,0.0,Ships Week of Jun 24 2024,,0,,0.0,,00000,2000.0,0.0,0.0,,,0.0,,0.0,1,0
3501885,368040,2.01,368040.0,2,,,,,,0.0,2815,4799,2815,20210811,20210811,20210811,,20240621,,20240621,20210811,20210811,20210811,04-1107480,,-999,Billable Freight,Billable Freight,USD,0.0,,4296440.0,,,,,0.0,0.0,0.0,FREIGHT,,F,999,924,10400,,0.0,0.0,0.0,0.0,,,,,,,,,,,EA,1.0,1.0,0.0,0.0,0.0,0.0,1.0,0.0,,,137.03,137.03,0.0,1,,EA,0.0,0.0,0.0,1,0.0,,312,,,0.0,0.0,DTEC,,,0.0,0.0,0.0,N,,,,3,,Y,Y,Y,,,,,0.0,2001.0,GRD,,,,,FP,,,,EA,1.0,,0.0,EA,0.0,,0.0,,,,,,FT10,20.0,24.0,,,,,,1,,,,,,,,,,,,,0.0,,,,,,,,,,O,0.0,0.0,0.0,0.0,0.0,,0,0.0,0.0,,SCHEDULER,124173,231811.0,,,,,,,,,,,0,0.0,,,0.0,0.0,0,0.0,0.0,0.0,0.0,0.0,,0.0,,,,0.0,0.0,P,,0.0,0.0,0.0,0.0,,,,,0.0,121223,,0.0,,0.0,,,,0.0,,0.0,0.0,,0.0,0.0,0.0,0.0,0.0,,0.0,,,0,,0.0,,,2010.0,0.0,0.0,,,0.0,,0.0,0,0
3503100,368155,49,,,,,,,,0.0,39942,39942,39942,20210811,20210811,20210811,20240402.0,20240402,,20240402,20210914,20210811,20210913,2650-36972,,33089,423-CAP-D,423-CAP-D,USD,0.0,,4039640.0,AVAIL,,,,0.0,0.0,0.0,"G,Hi,R12,R22,R502,Mpa,C",MTS,S,999,904,11500,,0.0,0.0,0.0,0.0,TLS,335,3W5,N,MAN,YS,K46,STR,335,,EA,30.0,30.0,0.0,0.0,0.0,0.0,30.0,0.0,H,,6.68,200.4,0.0,1,,EA,0.0,5.2399,1.572,0,0.0,,,,,0.0,0.0,DTEC,,,0.0,0.0,0.0,Y,,,,S,1,Y,Y,Y,,,,,10500.0,2003.0,CPU,,,STI,,MPP,,,,EA,30.0,EA,30.0,EA,300000.0,LB,174.0,FC,,,,,IN19,20.0,24.0,,1,,,,1,,,8,,,,,,,,,,0.0,,,,,,,,O,,7,0.0,0.0,0.0,0.0,0.0,,0,0.0,0.0,,DPAGAN,124093,231318.0,,,1,,,,,,,,0,0.0,,,0.0,0.0,0,0.0,100456.0,0.0,0.0,0.0,,0.0,,,,0.0,0.0,P,,0.0,0.0,0.0,0.0,,,,,0.0,121256,,0.0,,0.0,,,,3100.0,,0.0,0.0,,0.0,0.0,0.0,0.0,0.0,,0.0,Line has Shipped,,0,,0.0,,00000,49000.0,0.0,0.0,,,0.0,,0.0,1,1
3506181,368462,1,,,,,,,,0.0,2004,6514,2004,20210812,20210812,20210812,20240328.0,20240328,,20240328,20210826,20210812,20210819,AC-93238790,,59072,27R373,27R373,USD,0.0,,4167470.0,AVAIL,,,,0.0,0.0,0.0,"RRP,INT",1/EA,S,999,900,11500,,0.0,0.0,0.0,0.0,TLS,339,3X4,Y,WNP,YS,K46,STR,,US1,EA,18.0,18.0,0.0,0.0,0.0,0.0,18.0,0.0,H,,21.48,386.64,0.0,1,,EA,0.0,18.1749,3.2715,0,0.0,,WAA,,,0.0,0.0,DTEC,,,0.0,0.0,0.0,Y,,,,0,1,Y,Y,Y,,,,,10500.0,36643.0,LTL,,,,,UC,,,,EA,18.0,EA,18.0,EA,142200.0,LB,3066.0,FC,,ORD,,02,IN19,20.0,24.0,,1,,,,1,,,1,,,,,,,,,,0.0,,,,,,,,O,,7,0.0,0.0,0.0,0.0,0.0,,0,0.0,0.0,,KPERKINS,124088,231511.0,,,0,,,,,,,,0,0.0,,,0.0,0.0,0,0.0,113009.0,0.0,0.0,0.0,,0.0,,,,0.0,0.0,P,,0.0,0.0,0.0,0.0,,,,,0.0,121231,,0.0,,0.0,,,,3991.0,,0.0,0.0,,0.0,0.0,0.0,0.0,0.0,,0.0,Line has Shipped,,0,,0.0,,00000,1000.0,0.0,0.0,,,0.0,,0.0,1,1
3506709,368536,12,,,,,,,,0.0,39925,39925,39925,20220127,20210812,20211216,20240411.0,20240411,,20240411,20220127,20210812,20220120,PO47113,,61473,IR-3845H,IR-3845H,USD,0.0,,4189730.0,AVAIL,,,,0.0,0.0,0.0,"RRP, Int",MTS,S,999,904,11500,,0.0,0.0,0.0,0.0,TLS,339,3X4,Y,WNP,,K46,STR,339,,EA,1.0,1.0,0.0,0.0,0.0,0.0,1.0,0.0,H,,17.36,17.36,0.0,0,,EA,0.0,7.9543,0.0795,0,0.0,,45,,,0.0,0.0,DTEC,ORD,,0.0,0.0,0.0,Y,,,,S,1,Y,Y,Y,,,,,10500.0,2002.0,GRD,,,,,UC,,,,EA,1.0,EA,1.0,EA,10000.0,LB,6.0,FC,,,,02,IN19,20.0,24.0,,1,,,,1,,,1,,,,,,,,,,0.0,,,,,,,,O,,7,0.0,0.0,0.0,0.0,0.0,,0,0.0,0.0,,DPAGAN,124102,231617.0,,,0,,,,,,,,0,0.0,,,0.0,0.0,0,0.0,132523.0,0.0,0.0,0.0,,0.0,,,,0.0,0.0,P,,0.0,0.0,0.0,0.0,,,,,0.0,121257,,0.0,,0.0,,,,3100.0,,0.0,0.0,,0.0,0.0,0.0,0.0,0.0,,0.0,Ships Week of Apr 22 2024,,0,,0.0,,00000,12000.0,0.0,0.0,,,0.0,,0.0,1,1
3513255,369347,18,,,,,,,,0.0,709,20082,709,20210816,20210816,20210816,20240403.0,20240403,,20240403,20210830,20210816,20210823,RND2102708,,57001,CJ125-KIT-SB,CJ125-KIT-SB,USD,0.0,,4174740.0,AVAIL,,,,0.0,0.0,0.0,CJ-125 Chrg Kit for Spare Bat.,1/EA,S,999,900,10400,,0.0,0.0,0.0,0.0,TLS,371,4AJ,Y,,,A27,,371,,EA,1.0,1.0,0.0,0.0,0.0,0.0,1.0,0.0,H,,110.5,110.5,0.0,0,,EA,0.0,0.0,0.0,0,0.0,,P26,,,0.0,0.0,DTEC,ORD,,0.0,0.0,0.0,Y,,,,4,1,Y,Y,Y,,,,,10300.0,2001.0,GRD,,,,,MPP,,,,EA,1.0,EA,1.0,EA,220000.0,LB,2797.0,FC,,ORD,,02,IN19,20.0,24.0,,1,,,,1,,,1,,,,,,,,,,0.0,,,,,,,,O,,7,0.0,0.0,0.0,0.0,0.0,,0,0.0,0.0,,KMILLER,124094,231603.0,,,0,,,,,,,,0,0.0,,,0.0,0.0,0,0.0,956.0,0.0,0.0,0.0,,0.0,,,,0.0,0.0,P,,0.0,0.0,0.0,0.0,,,,,0.0,121235,,0.0,,0.0,,,,3962.0,,0.0,0.0,,0.0,0.0,0.0,0.0,0.0,,0.0,Line has Shipped,,0,,0.0,,00000,18000.0,0.0,0.0,,,0.0,,0.0,1,1
3528822,371213,8,,,,,,,,0.0,2075,2075,2075,20210820,20210820,20210820,20240614.0,20240614,,20240614,20240517,20210820,20240510,I013371,,57001,CJ125-KIT-SB,CJ125-KIT-SB,USD,0.0,,4223270.0,AVAIL,,,,0.0,0.0,0.0,CJ-125 Chrg Kit for Spare Bat.,1/EA,S,999,900,11500,,0.0,0.0,0.0,0.0,TLS,371,4AJ,Y,,,A27,,371,,EA,2.0,2.0,0.0,0.0,0.0,0.0,2.0,0.0,H,,91.8,183.6,0.0,0,,EA,0.0,0.0,0.0,0,0.0,,19,,,0.0,0.0,LATIN,ORD,,0.0,0.0,0.0,Y,,,,4,1,Y,Y,Y,,,,,10300.0,105706.0,TL,,,EXP,,MPP,,,,EA,2.0,EA,2.0,EA,440000.0,LB,5593.0,FC,,ORD,,02,IN19,20.0,24.0,,1,,,,1,,,1,,,,,,,,,,0.0,,,,,,,,O,,7,0.0,0.0,0.0,0.0,0.0,,0,0.0,0.0,,JBARRETO,124166,231335.0,,,0,,,,,,,,0,0.0,,,0.0,0.0,0,0.0,120111.0,0.0,0.0,0.0,,0.0,,,,0.0,0.0,P,,0.0,0.0,0.0,0.0,,,,,0.0,121239,,0.0,,0.0,,,,3962.0,,0.0,0.0,,0.0,0.0,0.0,0.0,0.0,,0.0,Ships Week of Jun 24 2024,,0,,0.0,,00000,8000.0,0.0,0.0,,,0.0,,0.0,1,1
3532360,371540,1,,,,,,,,0.0,2815,22734,2815,20210823,20210823,20210823,20240403.0,20240403,,20240403,20210906,20210820,20210830,388-P2318693,,57001,CJ125-KIT-SB,CJ125-KIT-SB,USD,0.0,,4174740.0,AVAIL,,,,0.0,0.0,0.0,CJ-125 Chrg Kit for Spare Bat.,1/EA,S,999,900,10400,,0.0,0.0,0.0,0.0,TLS,371,4AJ,Y,,,A27,,371,,EA,1.0,1.0,0.0,0.0,0.0,0.0,1.0,0.0,H,,100.3,100.3,0.0,0,,EA,0.0,0.0,0.0,0,0.0,,312,,O,0.0,0.0,DTEC,ORD,,0.0,0.0,0.0,Y,,,,3,1,Y,Y,Y,,,,,10300.0,2001.0,GRD,,,,,FP,,,,EA,1.0,EA,1.0,EA,220000.0,LB,2797.0,FC,,ORD,,02,IN19,20.0,24.0,,1,,,,1,,,1,,,,,,,,,,0.0,,,,,,,,O,,O,0.0,0.0,0.0,0.0,0.0,,0,0.0,0.0,,KPERKINS,124094,232032.0,,,0,,,,,,,,0,0.0,,,0.0,0.0,0,0.0,143510.0,0.0,0.0,0.0,,0.0,,,,0.0,0.0,P,,0.0,0.0,0.0,0.0,,,,,0.0,121242,,0.0,,0.0,,,,3962.0,,0.0,0.0,,0.0,0.0,0.0,0.0,0.0,,0.0,Ships Week of Apr 15 2024,,0,,0.0,,00000,1000.0,0.0,0.0,,,0.0,,0.0,1,0
3532361,371540,1.01,371540.0,1,,,,,,0.0,2815,22734,2815,20210823,20210823,20210823,,20240403,,20240403,20210823,20210823,20210823,388-P2318693,,-999,Billable Freight,Billable Freight,USD,0.0,,4174740.0,,,,,0.0,0.0,0.0,FREIGHT,,F,999,924,10400,,0.0,0.0,0.0,0.0,,,,,,,,,,,EA,1.0,1.0,0.0,0.0,0.0,0.0,1.0,0.0,,,29.53,29.53,0.0,1,,EA,0.0,0.0,0.0,1,0.0,,312,,,0.0,0.0,DTEC,,,0.0,0.0,0.0,N,,,,3,,Y,Y,Y,,,,,0.0,2001.0,GRD,,,,,FP,,,,EA,1.0,,0.0,EA,0.0,,0.0,,,,,,FT10,20.0,24.0,,,,,,1,,,,,,,,,,,,,0.0,,,,,,,,,,O,0.0,0.0,0.0,0.0,0.0,,0,0.0,0.0,,SCHEDULER,124094,232032.0,,,,,,,,,,,0,0.0,,,0.0,0.0,0,0.0,0.0,0.0,0.0,0.0,,0.0,,,,0.0,0.0,P,,0.0,0.0,0.0,0.0,,,,,0.0,121235,,0.0,,0.0,,,,0.0,,0.0,0.0,,0.0,0.0,0.0,0.0,0.0,,0.0,,,0,,0.0,,,1010.0,0.0,0.0,,,0.0,,0.0,0,0
3539520,372415,1,,,,,,,,0.0,2815,22734,2815,20210825,20210825,20210825,20240622.0,20240622,,20240622,20210908,20210825,20210901,388-P2319010,,55180,S16002045,S16002045,USD,0.0,,4296430.0,AVAIL,,,,0.0,0.0,0.0,Replacement Pierce and Brass F,,S,999,900,10400,,0.0,0.0,0.0,0.0,TLS,340,3W5,Y,WNP,,K46,,340,,EA,1.0,1.0,0.0,0.0,0.0,0.0,1.0,0.0,H,,13.77,13.77,0.0,0,,EA,0.0,3.6973,0.037,0,3.6973,,312,,,0.0,0.0,DTEC,ORD,,0.0,0.0,0.0,Y,,,,3,1,Y,Y,Y,,,,,66949.0,2001.0,GRD,,,,,UPP,,,,EA,1.0,EA,1.0,EA,10000.0,LB,6.0,FC,,ORD,,02,IN19,20.0,24.0,,1,,,,1,,,1,,,,,,,,,,0.0,,,,,,,,O,,O,0.0,0.0,0.0,0.0,0.0,,0,0.0,0.0,,JBARRETO,124174,231500.0,,,0,,,,,,,,0,0.0,,,0.0,0.0,0,0.0,2701.0,0.0,0.0,0.0,,0.0,,,,0.0,0.0,P,,0.0,0.0,0.0,0.0,,,,,0.0,121244,,0.0,,0.0,,,,3993.0,,0.0,0.0,,0.0,0.0,0.0,0.0,0.0,,0.0,Ships Week of Jun 24 2024,,0,,0.0,,00000,1000.0,0.0,0.0,,,0.0,,0.0,1,0
3540923,372622,9,,,,,,,,0.0,40022,39503,40022,20230929,20210825,20230829,20240515.0,20240517,,20240517,20240618,20210825,20240617,00000053,,55181,S26883,S26883,USD,0.0,,4166330.0,AVAIL,,,,0.0,0.0,0.0,"Screw, Cutter Wheel",1/EA,S,999,904,11500,,0.0,0.0,0.0,0.0,TLS,344,3W5,Y,FLR,,K46,,344,,EA,1.0,1.0,0.0,0.0,0.0,0.0,1.0,0.0,H,,0.97,0.97,0.0,1,,EA,0.0,0.6631,0.0066,0,0.0,,30E,,,0.0,0.0,DTEC,ORD,,0.0,0.0,0.0,Y,,,,S,1,Y,Y,Y,,,,,66949.0,2003.0,CPU,,,STI,,PP,,,,EA,1.0,EA,1.0,EA,10000.0,LB,6.0,FC,,ORD,,02,IN19,20.0,24.0,,1,,,,1,1,,8,,,,,,,,,,0.0,,,,,,,,O,,7,0.0,0.0,0.0,0.0,0.0,,0,0.0,0.0,,MMICKAS,124138,231335.0,,,1,,,,,,,,0,0.0,,,0.0,0.0,0,0.0,100126.0,0.0,0.0,0.0,,0.0,,,,0.0,0.0,P,,0.0,0.0,0.0,0.0,,,,,0.0,121267,,0.0,,0.0,,,,3991.0,,0.0,0.0,,0.0,0.0,0.0,0.0,0.0,,0.0,Line has Shipped,,0,,0.0,,00000,9000.0,0.0,0.0,,,0.0,,0.0,1,1
3551189,373924,2.1,,,,,,,,0.0,2004,6516,2004,20210830,20210830,20210830,20240410.0,20240410,,20240410,20231124,20210830,20231117,KC-16675170,,61467,IR-2590H,IR-2590H,USD,0.0,,4186070.0,AVAIL,,,,0.0,0.0,0.0,"Internal Pliers .025in Dia., 9",1/EA,S,999,900,11500,,0.0,0.0,0.0,0.0,TLS,339,3W5,Y,,,K46,STR,,,EA,31.0,31.0,0.0,0.0,0.0,0.0,31.0,0.0,H,,8.87,274.97,0.0,0,,EA,0.0,15.3046,4.7444,0,0.0,,WAA,,,0.0,0.0,DTEC,ORD,,0.0,0.0,0.0,Y,,,,0,1,Y,Y,Y,,,,,10500.0,2001.0,GRD,,,,,MPP,,,,EA,31.0,EA,31.0,EA,310000.0,LB,179.0,FC,,ORD,,02,IN19,20.0,24.0,,1,,,,1,,,1,,,,,,,,,,0.0,,,,,,,,O,,7,0.0,0.0,0.0,0.0,0.0,,0,0.0,0.0,,MDAVIS,124101,231545.0,,,0,,,,,,,,0,0.0,,,0.0,0.0,0,0.0,174033.0,0.0,0.0,0.0,,0.0,,,,0.0,0.0,P,,0.0,0.0,0.0,0.0,,,,,0.0,121249,,0.0,,0.0,,,,3100.0,,0.0,0.0,,0.0,0.0,0.0,0.0,0.0,,0.0,Ships Week of Apr 22 2024,,0,,0.0,,00000,2100.0,0.0,0.0,,,0.0,,0.0,1,1
3551225,373927,1,,,,,,,,0.0,2004,6515,2004,20210830,20210830,20210830,20240416.0,20240416,,20240416,20210809,20210830,20210802,FC-16675060,,61467,IR-2590H,IR-2590H,USD,0.0,,4185990.0,AVAIL,,,,0.0,0.0,0.0,"Internal Pliers .025in Dia., 9",1/EA,S,999,900,10400,,0.0,0.0,0.0,0.0,TLS,339,3W5,Y,,,K46,STR,,,EA,45.0,45.0,0.0,0.0,0.0,0.0,45.0,0.0,H,,8.87,399.15,0.0,0,,EA,0.0,15.3046,6.8871,0,15.3046,,WAA,,,0.0,0.0,DTEC,ORD,,0.0,0.0,0.0,Y,,,,0,1,Y,Y,Y,,,,,10500.0,2001.0,GRD,,,,,MPP,,,,EA,45.0,EA,45.0,EA,450000.0,LB,261.0,FC,,ORD,,02,IN19,20.0,24.0,,1,,,,1,,,1,,,,,,,,,,0.0,,,,,,,,O,,7,0.0,0.0,0.0,0.0,0.0,,0,0.0,0.0,,MDAVIS,124107,231401.0,,,0,,,,,,,,0,0.0,,,0.0,0.0,0,0.0,132052.0,0.0,0.0,0.0,,0.0,,,,0.0,0.0,P,,0.0,0.0,0.0,0.0,,,,,0.0,121249,,0.0,,0.0,,,,0.0,,0.0,0.0,,0.0,0.0,0.0,0.0,0.0,,0.0,Ships Week of Apr 29 2024,,0,,0.0,,00000,1000.0,0.0,0.0,,,0.0,,0.0,1,1
3568309,375889,1,,,,,,,,0.0,2004,2004,2004,20240513,20240513,20240513,20240517.0,20240517,,20240517,20240527,20240513,20240520,TB-21307050,,61467,IR-2590H,IR-2590H,USD,0.0,,,AVAIL,,,,0.0,0.0,0.0,"Internal Pliers .025in Dia., 9",1/EA,C,999,620,11500,,0.0,0.0,0.0,0.0,,339,,Y,WNP,,,STR,,,EA,-25.0,-25.0,0.0,0.0,0.0,0.0,-25.0,0.0,H,,10.73,-268.25,0.0,0,,,0.0,15.3046,-3.8262,0,0.0,,WAA,,,0.0,0.0,INDGRP,ORD,,0.0,0.0,0.0,Y,,,,0,,Y,Y,Y,,,,,10500.0,0.0,,,,,,FP,,,,EA,-25.0,EA,-25.0,EA,-40000.0,LB,-1328.0,FC,,ORD,,02,IN19,20.0,24.0,,1,,,,,,,1,,,,,,,,,,0.0,,,,,,,,,,7,0.0,0.0,0.0,0.0,0.0,,0,0.0,0.0,,KCASURRA,124138,151216.0,,,0,,,,,,,,0,0.0,,,0.0,0.0,0,0.0,0.0,0.0,0.0,0.0,,0.0,,,,0.0,0.0,P,,0.0,0.0,0.0,0.0,,,,,0.0,124141,,0.0,,0.0,,,,3100.0,,0.0,0.0,,0.0,0.0,0.0,0.0,0.0,,0.0,,,0,,0.0,,00000,1000.0,0.0,0.0,,,0.0,,0.0,1,1
3568310,375890,1,,,,,,,,0.0,2004,6518,2004,20210903,20210903,20210903,20240411.0,20240411,,20240411,20210920,20210903,20210913,TB-21307050,,61467,IR-2590H,IR-2590H,USD,0.0,,4189730.0,AVAIL,,,,0.0,0.0,0.0,"Internal Pliers .025in Dia., 9",1/EA,S,999,904,11500,,0.0,0.0,0.0,0.0,TLS,339,3W5,Y,,,K46,STR,,,EA,25.0,25.0,0.0,0.0,0.0,0.0,25.0,0.0,H,,8.87,221.75,0.0,0,,EA,0.0,15.3046,3.8262,0,0.0,,WAA,,,0.0,0.0,DTEC,ORD,,0.0,0.0,0.0,Y,,,,0,1,Y,Y,Y,,,,,10500.0,2002.0,GRD,,,,,UC,,,,EA,25.0,EA,25.0,EA,250000.0,LB,145.0,FC,,ORD,,02,IN19,20.0,24.0,,1,,,,1,,,1,,,,,,,,,,0.0,,,,,,,,O,,7,0.0,0.0,0.0,0.0,0.0,,0,0.0,0.0,,MDAVIS,124102,231617.0,,,0,,,,,,,,0,0.0,,,0.0,0.0,0,0.0,135649.0,0.0,0.0,0.0,,0.0,,,,0.0,0.0,P,,0.0,0.0,0.0,0.0,,,,,0.0,121256,,0.0,,0.0,,,,3100.0,,0.0,0.0,,0.0,0.0,0.0,0.0,0.0,,0.0,,,0,,0.0,,00000,1000.0,0.0,0.0,,,0.0,,0.0,1,1
3571753,376352,30,,,,,,,,0.0,40391,40827,40391,20220623,20210907,20220517,20240521.0,20240521,,20240521,20220623,20210907,20220616,4950101,,8233,J388,J388,USD,0.0,,4245030.0,,,,,0.0,0.0,0.0,"RRP,MINI",,S,999,900,11500,,0.0,0.0,0.0,0.0,TLS,339,3X4,N,WNP,YS,K46,STR,339,,EA,100.0,100.0,0.0,0.0,0.0,0.0,100.0,0.0,H,,5.7783,577.83,0.0,1,,,0.0,8.2688,8.2688,0,8.2688,,,,,0.0,0.0,DTEC,,,0.0,2339140.0,0.0,Y,,,,S,,Y,Y,Y,,,,,10500.0,36643.0,LTL,,,STI,,PC,,,,EA,100.0,EA,100.0,EA,1000000.0,LB,579.0,FC,,,,02,IN19,20.0,24.0,,1,,,,1,,,8,,,,,,,,,,0.0,,,,,,,,,,P,0.0,0.0,0.0,0.0,0.0,,0,0.0,0.0,,JBUI,124142,231436.0,,,1,,,,,,,,0,0.0,,,0.0,0.0,0,0.0,111404.0,0.0,0.0,0.0,,0.0,,,,0.0,0.0,P,,0.0,0.0,0.0,0.0,,,,,0.0,122167,,0.0,,0.0,,,,0.0,,0.0,0.0,,0.0,0.0,0.0,0.0,0.0,,0.0,Line has Shipped,,0,,0.0,,00000,30000.0,0.0,0.0,,,0.0,,0.0,1,1
3577916,377250,1,,,,,,,,0.0,2004,6516,2004,20220501,20210909,20220418,20240606.0,20240606,,20240606,20220501,20210909,20220425,KC-24791190,,61518,IR-7045H,IR-7045H,USD,0.0,,4272960.0,AVAIL,,,,0.0,0.0,0.0,"Internal Pliers .070in Dia., 4",1/EA,S,999,904,11500,,0.0,0.0,0.0,0.0,TLS,339,3W5,Y,,,K46,STR,339,,EA,16.0,16.0,0.0,0.0,0.0,0.0,16.0,0.0,H,,9.36,149.76,0.0,0,,EA,0.0,18.2607,2.9217,0,0.0,,WAA,,,0.0,0.0,DTEC,ORD,,0.0,0.0,0.0,Y,,,,0,1,Y,Y,Y,,,,,10500.0,2002.0,GRD,,,,,UC,,,,EA,16.0,EA,16.0,EA,40000.0,LB,1413.0,FC,,ORD,,02,IN19,20.0,24.0,,1,,,,1,,,1,,,,,,,,,,0.0,,,,,,,,O,,7,0.0,0.0,0.0,0.0,0.0,,0,0.0,0.0,,MDAVIS,124158,231630.0,,,0,,,,,,,,0,0.0,,,0.0,0.0,0,0.0,80731.0,0.0,0.0,0.0,,0.0,,,,0.0,0.0,P,,0.0,0.0,0.0,0.0,,,,,0.0,121259,,0.0,,0.0,,,,3100.0,,0.0,0.0,,0.0,0.0,0.0,0.0,0.0,,0.0,Line has Shipped,,0,,0.0,,00000,1000.0,0.0,0.0,,,0.0,,0.0,1,1
3581075,377761,1,,,,,,,,0.0,2004,6515,2004,20220127,20210910,20220112,20240411.0,20240411,,20240411,20220127,20210910,20220120,FC-25920120,,61473,IR-3845H,IR-3845H,USD,0.0,,4185990.0,AVAIL,,,,0.0,0.0,0.0,"Internal Pliers .038in Dia., 4",MTS,S,999,900,10400,,0.0,0.0,0.0,0.0,TLS,339,3W5,Y,,,K46,STR,,,EA,5.0,5.0,0.0,0.0,0.0,0.0,5.0,0.0,H,,8.6,43.0,0.0,0,,EA,0.0,7.9543,0.3977,0,7.9543,,WAA,,,0.0,0.0,DTEC,ORD,,0.0,0.0,0.0,Y,,,,0,1,Y,Y,Y,,,,,10500.0,2002.0,GRD,,,,,UC,,,,EA,5.0,EA,5.0,EA,50000.0,LB,306.0,FC,,ORD,,02,IN19,20.0,24.0,,1,,,,1,,,1,,,,,,,,,,0.0,,,,,,,,O,,7,0.0,0.0,0.0,0.0,0.0,,0,0.0,0.0,,MDAVIS,124102,231523.0,,,0,,,,,,,,0,0.0,,,0.0,0.0,0,0.0,5035.0,0.0,0.0,0.0,,0.0,,,,0.0,0.0,P,,0.0,0.0,0.0,0.0,,,,,0.0,121260,,0.0,,0.0,,,,3100.0,,0.0,0.0,,0.0,0.0,0.0,0.0,0.0,,0.0,Line has Shipped,,0,,0.0,,00000,1000.0,0.0,0.0,,,0.0,,0.0,1,1
3581076,377761,1.1,,,,,,,,0.0,2004,6515,2004,20220127,20210910,20220112,20240506.0,20240507,,20240507,20220127,20210910,20220120,FC-25920120,,61473,IR-3845H,IR-3845H,USD,0.0,,4226350.0,AVAIL,,,,0.0,0.0,0.0,"Internal Pliers .038in Dia., 4",MTS,S,999,904,10400,,0.0,0.0,0.0,0.0,TLS,339,3W5,Y,,,K46,STR,,,EA,25.0,25.0,0.0,0.0,0.0,0.0,25.0,0.0,H,,8.6,215.0,0.0,0,,EA,0.0,7.9543,1.9886,0,7.9543,,WAA,,,0.0,0.0,DTEC,ORD,,0.0,0.0,0.0,Y,,,,0,1,Y,Y,Y,,,,,10500.0,2002.0,GRD,,,,,UC,,,,EA,25.0,EA,25.0,EA,250000.0,LB,1532.0,FC,,ORD,,02,IN19,20.0,24.0,,1,,,,1,,,1,,,,,,,,,,0.0,,,,,,,,O,,7,0.0,0.0,0.0,0.0,0.0,,0,0.0,0.0,,MDAVIS,124128,231457.0,,,0,,,,,,,,0,0.0,,,0.0,0.0,0,0.0,225844.0,0.0,0.0,0.0,,0.0,,,,0.0,0.0,P,,0.0,0.0,0.0,0.0,,,,,0.0,121260,,0.0,,0.0,,,,3100.0,,0.0,0.0,,0.0,0.0,0.0,0.0,0.0,,0.0,Ships Week of May 13 2024,,0,,0.0,,00000,1100.0,0.0,0.0,,,0.0,,0.0,1,1
3581132,377778,1,,,,,,,,0.0,2004,6518,2004,20210910,20210910,20210910,20240410.0,20240410,,20240410,20210924,20210910,20210917,TC-25920450,,58406,IR-4745H,IR-4745H,USD,0.0,,4187460.0,AVAIL,,,,0.0,0.0,0.0,"Internal Pliers .047in Dia., 4",MTO,S,999,900,11500,,0.0,0.0,0.0,0.0,TLS,339,3W5,Y,,,K46,STR,339,,EA,17.0,17.0,0.0,0.0,0.0,0.0,17.0,0.0,H,,8.88,150.96,0.0,0,,EA,0.0,7.7428,1.3163,0,0.0,,WAA,,,0.0,0.0,DTEC,ORD,,0.0,0.0,0.0,Y,,,,0,1,Y,Y,Y,,,,,10500.0,2002.0,GRD,,,,,UC,,,,EA,17.0,EA,17.0,EA,28900.0,LB,1080.0,FC,,ORD,,02,IN19,20.0,24.0,,1,,,,1,,,1,,,,,,,,,,0.0,,,,,,,,O,,7,0.0,0.0,0.0,0.0,0.0,,0,0.0,0.0,,MDAVIS,124101,231605.0,,,0,,,,,,,,0,0.0,,,0.0,0.0,0,0.0,201108.0,0.0,0.0,0.0,,0.0,,,,0.0,0.0,P,,0.0,0.0,0.0,0.0,,,,,0.0,121260,,0.0,,0.0,,,,3100.0,,0.0,0.0,,0.0,0.0,0.0,0.0,0.0,,0.0,Ships Week of Apr 22 2024,,0,,0.0,,00000,1000.0,0.0,0.0,,,0.0,,0.0,1,1
3589341,378989,1.2,,,,,,,,0.0,1956,1956,1956,20210914,20210914,20210914,20240402.0,20240402,,20240402,20210928,20210914,20210921,48617,,61487,IR-4718C,IR-4718C,USD,0.0,,4167930.0,AVAIL,,,,0.0,0.0,0.0,"Cam-Lock Pliers .047in Dia., 1",MTS,S,999,900,11500,,0.0,0.0,0.0,0.0,TLS,339,3W5,Y,,,K46,STR,,,EA,178.0,178.0,0.0,0.0,0.0,0.0,178.0,0.0,H,,15.72,2798.16,0.0,0,,EA,0.0,8.2894,14.7551,0,0.0,,WAA,,,0.0,0.0,DTEC,ORD,,0.0,0.0,0.0,Y,,,,4,1,Y,Y,Y,,,,,10500.0,36643.0,LTL,,,,,MPP,,,,EA,178.0,EA,178.0,EA,302778.0,LB,4713.0,FC,,ORD,,02,IN19,20.0,24.0,,1,,,,1,,,1,,,,,,,,,,0.0,,,,,,,,O,,7,0.0,0.0,0.0,0.0,0.0,,0,0.0,0.0,,JBARRETO,124093,231413.0,,,0,,,,,,,,0,0.0,,,0.0,0.0,0,0.0,84504.0,0.0,0.0,0.0,,0.0,,,,0.0,0.0,P,,0.0,0.0,0.0,0.0,,,,,0.0,121264,,0.0,,0.0,,,,3100.0,,0.0,0.0,,0.0,0.0,0.0,0.0,0.0,,0.0,Line has Shipped,,0,,0.0,,00000,1200.0,0.0,0.0,,,0.0,,0.0,1,1
3589342,378989,1.3,,,,,,,,0.0,1956,1956,1956,20210914,20210914,20210914,20240404.0,20240404,,20240404,20210928,20210914,20210921,48617,,61487,IR-4718C,IR-4718C,USD,0.0,,4178180.0,AVAIL,,,,0.0,0.0,0.0,"Cam-Lock Pliers .047in Dia., 1",MTS,S,999,904,11500,,0.0,0.0,0.0,0.0,TLS,339,3W5,Y,,,K46,STR,,,EA,16.0,16.0,0.0,0.0,0.0,0.0,16.0,0.0,H,,15.72,251.52,0.0,0,,EA,0.0,8.2894,1.3263,0,0.0,,WAA,,,0.0,0.0,DTEC,ORD,,0.0,0.0,0.0,Y,,,,4,1,Y,Y,Y,,,,,10500.0,2001.0,GRD,,,,,MPP,,,,EA,16.0,EA,16.0,EA,27216.0,LB,424.0,FC,,ORD,,02,IN19,20.0,24.0,,1,,,,1,,,1,,,,,,,,,,0.0,,,,,,,,O,,7,0.0,0.0,0.0,0.0,0.0,,0,0.0,0.0,,JBARRETO,124095,231611.0,,,0,,,,,,,,0,0.0,,,0.0,0.0,0,0.0,222451.0,0.0,0.0,0.0,,0.0,,,,0.0,0.0,P,,0.0,0.0,0.0,0.0,,,,,0.0,121264,,0.0,,0.0,,,,3100.0,,0.0,0.0,,0.0,0.0,0.0,0.0,0.0,,0.0,Ships Week of Apr 15 2024,,0,,0.0,,00000,1300.0,0.0,0.0,,,0.0,,0.0,1,1
3602282,380682,2,,,,,,,,0.0,2004,6517,2004,20210920,20210920,20210920,20240328.0,20240328,,20240328,20211004,20210920,20210927,PC-32651790,,59072,27R373,27R373,USD,0.0,,4167470.0,AVAIL,,,,0.0,0.0,0.0,"RRP,INT",1/EA,S,999,900,11500,,0.0,0.0,0.0,0.0,TLS,339,3X4,Y,WNP,YS,K46,STR,,US1,EA,15.0,15.0,0.0,0.0,0.0,0.0,15.0,0.0,H,,22.45,336.75,0.0,1,,EA,0.0,18.1749,2.7262,0,0.0,,WAA,,,0.0,0.0,DTEC,,,0.0,0.0,0.0,Y,,,,0,1,Y,Y,Y,,,,,10500.0,36643.0,LTL,,,,,UC,,,,EA,15.0,EA,15.0,EA,118500.0,LB,2555.0,FC,,ORD,,02,IN19,20.0,24.0,,1,,,,1,,,1,,,,,,,,,,0.0,,,,,,,,O,,7,0.0,0.0,0.0,0.0,0.0,,0,0.0,0.0,,MDAVIS,124088,231511.0,,,0,,,,,,,,0,0.0,,,0.0,0.0,0,0.0,113009.0,0.0,0.0,0.0,,0.0,,,,0.0,0.0,P,,0.0,0.0,0.0,0.0,,,,,0.0,121270,,0.0,,0.0,,,,3100.0,,0.0,0.0,,0.0,0.0,0.0,0.0,0.0,,0.0,Line has Shipped,,0,,0.0,,00000,2000.0,0.0,0.0,,,0.0,,0.0,1,1
3609636,381626,1.4,,,,,,,,0.0,39942,39942,39942,20210922,20210922,20210922,20240312.0,20240312,,20240312,20230428,20210922,20230412,2671-37284,,55295,PT-109,PT-109,USD,0.0,,4135660.0,AVAIL,,,,0.0,0.0,0.0,Refrigerant Recovery Tool for,1/EA,S,999,904,11500,,0.0,0.0,0.0,0.0,TLS,339,3W5,N,WNP,,K46,,340,,EA,7.0,7.0,0.0,0.0,0.0,0.0,7.0,0.0,H,,18.79,131.53,0.0,1,,EA,0.0,19.1165,1.3382,0,0.0,,,,,0.0,0.0,DTEC,ORD,,0.0,0.0,0.0,Y,,,,S,1,Y,Y,Y,,,,,66949.0,2001.0,GRD,,,STI,,MPP,,,,EA,7.0,EA,7.0,EA,39200.0,LB,2823.0,FC,,ORD,,02,IN19,20.0,24.0,,1,,,,1,1,,,,,,,,,,,,0.0,,,,,,,,O,,7,0.0,0.0,0.0,0.0,0.0,,0,0.0,0.0,,JBUI,124072,231358.0,,,0,,,,,,,,0,0.0,,,0.0,0.0,0,0.0,173406.0,0.0,0.0,0.0,,0.0,,,,0.0,0.0,P,,0.0,0.0,0.0,0.0,,,,,0.0,121295,,0.0,,0.0,,,,3993.0,,0.0,0.0,,0.0,0.0,0.0,0.0,0.0,,0.0,Ships Week of Mar 18 2024,,0,,0.0,,00000,1400.0,0.0,0.0,,,0.0,,0.0,1,1
3621609,383436,1.1,,,,,,,,0.0,2004,6517,2004,20210928,20210928,20210928,20240411.0,20240411,,20240411,20211012,20210928,20211005,PC-39690690,,56338,IR-3890H,IR-3890H,USD,0.0,,4185340.0,AVAIL,,,,0.0,0.0,0.0,"Internal Pliers .038in Dia., 9",MTS,S,999,900,11500,,0.0,0.0,0.0,0.0,TLS,339,3X4,Y,WNP,,K46,STR,339,,EA,6.0,6.0,0.0,0.0,0.0,0.0,6.0,0.0,H,,8.42,50.52,0.0,0,,EA,0.0,9.6829,0.581,0,0.0,,WAA,,,0.0,0.0,DTEC,ORD,,0.0,0.0,0.0,Y,,,,0,1,Y,Y,Y,,,,,10500.0,2002.0,GRD,,,,,UC,,,,EA,6.0,EA,6.0,EA,9000.0,LB,2153.0,FC,,ORD,,02,IN19,20.0,24.0,,1,,,,1,,,1,,,,,,,,,,0.0,,,,,,,,O,,7,0.0,0.0,0.0,0.0,0.0,,0,0.0,0.0,,MDAVIS,124102,231517.0,,,0,,,,,,,,0,0.0,,,0.0,0.0,0,0.0,101535.0,0.0,0.0,0.0,,0.0,,,,0.0,0.0,P,,0.0,0.0,0.0,0.0,,,,,0.0,121278,,0.0,,0.0,,,,3100.0,,0.0,0.0,,0.0,0.0,0.0,0.0,0.0,,0.0,Line has Shipped,,0,,0.0,,00000,1100.0,0.0,0.0,,,0.0,,0.0,1,1
3624094,383813,4,,,,,,,,0.0,2004,6515,2004,20210929,20210929,20210929,20240516.0,20240516,,20240516,20211013,20210929,20211006,HD-40753180,,61193,IR-170T,IR-170T,USD,0.0,,4241860.0,AVAIL,,,,0.0,0.0,0.0,"Tips, 1 Pair  .170in 0Deg",1/EA,S,999,904,10400,,0.0,0.0,0.0,0.0,TLS,339,3X4,Y,WNP,,K46,STR,340,,EA,14.0,14.0,0.0,0.0,0.0,0.0,14.0,0.0,H,,11.25,157.5,0.0,0,,EA,0.0,8.5823,1.2015,0,8.5823,,WAA,,,0.0,0.0,DTEC,ORD,,0.0,0.0,0.0,Y,,,,0,,Y,Y,Y,,,,,10500.0,2002.0,GRD,,,,,UC,,,,EA,14.0,EA,14.0,EA,28000.0,LB,291.0,FC,,ORD,,02,IN19,20.0,24.0,,1,,,,1,,,1,,,,,,,,,,0.0,,,,,,,,O,,7,0.0,0.0,0.0,0.0,0.0,,0,0.0,0.0,,MDAVIS,124137,231516.0,,,0,,,,,,,,0,0.0,,,0.0,0.0,0,0.0,12845.0,0.0,0.0,0.0,,0.0,,,,0.0,0.0,P,,0.0,0.0,0.0,0.0,,,,,0.0,121279,,0.0,,0.0,,,,3100.0,,0.0,0.0,,0.0,0.0,0.0,0.0,0.0,,0.0,Line has Shipped,,0,,0.0,,00000,4000.0,0.0,0.0,,,0.0,,0.0,1,1
3630980,384711,1,,,,,,,,0.0,2004,6516,2004,20220127,20211001,20220112,20240506.0,20240507,,20240507,20220127,20211001,20220120,KC-42965060,,61473,IR-3845H,IR-3845H,USD,0.0,,4226350.0,AVAIL,,,,0.0,0.0,0.0,"Internal Pliers .038in Dia., 4",MTS,S,999,904,11500,,0.0,0.0,0.0,0.0,TLS,339,3W5,Y,,,K46,STR,,,EA,25.0,25.0,0.0,0.0,0.0,0.0,25.0,0.0,H,,8.6,215.0,0.0,0,,EA,0.0,7.9543,1.9886,0,0.0,,WAA,,,0.0,0.0,DTEC,ORD,,0.0,0.0,0.0,Y,,,,0,1,Y,Y,Y,,,,,10500.0,2002.0,GRD,,,,,UC,,,,EA,25.0,EA,25.0,EA,250000.0,LB,145.0,FC,,ORD,,02,IN19,20.0,24.0,,1,,,,1,,,1,,,,,,,,,,0.0,,,,,,,,O,,7,0.0,0.0,0.0,0.0,0.0,,0,0.0,0.0,,JBARRETO,124128,231457.0,,,0,,,,,,,,0,0.0,,,0.0,0.0,0,0.0,225846.0,0.0,0.0,0.0,,0.0,,,,0.0,0.0,P,,0.0,0.0,0.0,0.0,,,,,0.0,121281,,0.0,,0.0,,,,3100.0,,0.0,0.0,,0.0,0.0,0.0,0.0,0.0,,0.0,Ships Week of May 13 2024,,0,,0.0,,00000,1000.0,0.0,0.0,,,0.0,,0.0,1,1
3632498,384941,2,,,,,,,,0.0,2815,7890,2815,20211001,20211001,20211001,20240402.0,20240402,,20240402,20211015,20211001,20211008,542-9019538B,,57001,CJ125-KIT-SB,CJ125-KIT-SB,USD,0.0,,4174740.0,AVAIL,,,,0.0,0.0,0.0,CJ-125 Chrg Kit for Spare Bat.,1/EA,S,999,900,10400,,0.0,0.0,0.0,0.0,TLS,371,4AJ,Y,SPA,,A27,,371,,EA,2.0,2.0,0.0,0.0,0.0,0.0,2.0,0.0,H,,104.81,209.62,0.0,0,,EA,0.0,0.0,0.0,0,0.0,,312,,,0.0,0.0,DTEC,ORD,,0.0,0.0,0.0,Y,,,,3,1,Y,Y,Y,,,,,10300.0,2001.0,GRD,,,,,FP,,,,EA,2.0,EA,2.0,EA,440000.0,LB,5593.0,FC,,ORD,,02,IN19,20.0,24.0,,1,,,,1,,,1,,,,,,,,,,0.0,,,,,,,,O,,O,0.0,0.0,0.0,0.0,0.0,,0,0.0,0.0,,KPERKINS,124093,231921.0,,,0,,,,,,,,0,0.0,,,0.0,0.0,0,0.0,131015.0,0.0,0.0,0.0,,0.0,,,,0.0,0.0,P,,0.0,0.0,0.0,0.0,,,,,0.0,121281,,0.0,,0.0,,,,3992.0,,0.0,0.0,,0.0,0.0,0.0,0.0,0.0,,0.0,Ships Week of Apr 15 2024,,0,,0.0,,00000,2000.0,0.0,0.0,,,0.0,,0.0,1,0
5380864,607015,12.01,607015.0,12,,,,,,0.0,2760,7508,2760,20230614,20230614,20230614,,20240607,,20240607,20230614,20230614,20230614,K7352,,-999,Billable Freight,Billable Freight,USD,0.0,,4271450.0,,,,,0.0,0.0,0.0,FREIGHT,,F,999,924,10400,,0.0,0.0,0.0,0.0,,,,,,,,,,,EA,1.0,1.0,0.0,0.0,0.0,0.0,1.0,0.0,,,19.77,19.77,0.0,1,,EA,0.0,0.0,0.0,1,0.0,,115,,,0.0,0.0,DTEC,,,0.0,0.0,0.0,N,,,,4,,Y,Y,Y,,,,,0.0,2001.0,GRD,,,,,FP,,,,EA,1.0,,0.0,EA,0.0,,0.0,,,,,,FT10,20.0,24.0,,,,,,1,,,,,,,,,,,,,0.0,,,,,,,,,,7,0.0,0.0,0.0,0.0,0.0,,0,0.0,0.0,,SCHEDULER,124159,231338.0,,,,,,,,,,,0,0.0,,,0.0,0.0,0,0.0,0.0,0.0,0.0,0.0,,0.0,,,,0.0,0.0,P,,0.0,0.0,0.0,0.0,,,,,0.0,123165,,0.0,,0.0,,,,0.0,,0.0,0.0,,0.0,0.0,0.0,0.0,0.0,,0.0,,,0,,0.0,,,12010.0,0.0,0.0,,,0.0,,0.0,0,0
5386307,607577,2.01,607577.0,2,,,,,,0.0,30517,30517,30517,20230615,20230615,20230615,,20240322,,20240322,20230615,20230615,20230615,20C314852,,-999,Billable Freight,Billable Freight,USD,0.0,,4162510.0,,,,,0.0,0.0,0.0,FREIGHT,,F,999,924,11500,,0.0,0.0,0.0,0.0,,,,,,,,,,,EA,1.0,1.0,0.0,0.0,0.0,0.0,1.0,0.0,,,16.63,16.63,0.0,1,,EA,0.0,0.0,0.0,1,0.0,,10R,,,0.0,0.0,DTEC,,,0.0,0.0,0.0,N,,,,4,,Y,Y,Y,,,,,0.0,2001.0,GRD,,,,,FP,,,,EA,1.0,,0.0,EA,0.0,,0.0,,,,,,FT10,20.0,24.0,,,,,,1,,,,,,,,,,,,,0.0,,,,,,,,,,7,0.0,0.0,0.0,0.0,0.0,,0,0.0,0.0,,SCHEDULER,124082,231527.0,,,,,,,,,,,0,0.0,,,0.0,0.0,0,0.0,0.0,0.0,0.0,0.0,,0.0,,,,0.0,0.0,P,,0.0,0.0,0.0,0.0,,,,,0.0,123166,,0.0,,0.0,,,,0.0,,0.0,0.0,,0.0,0.0,0.0,0.0,0.0,,0.0,,,0,,0.0,,,2010.0,0.0,0.0,,,0.0,,0.0,0,0
5386557,607604,1.01,607604.0,1,,,,,,0.0,995,995,995,20230615,20230615,20230615,,20240607,,20240607,20230615,20230615,20230615,115146,,-999,Billable Freight,Billable Freight,USD,0.0,,4275710.0,,,,,0.0,0.0,0.0,FREIGHT,,F,999,924,11500,,0.0,0.0,0.0,0.0,,,,,,,,,,,EA,1.0,1.0,0.0,0.0,0.0,0.0,1.0,0.0,,,19.3,19.3,0.0,1,,EA,0.0,0.0,0.0,1,0.0,,601,,,0.0,0.0,DTEC,,,0.0,0.0,0.0,N,,,,5,,Y,Y,Y,,,,,0.0,2001.0,GRD,,,,,FP,,,,EA,1.0,,0.0,EA,0.0,,0.0,,,,,,FT10,20.0,24.0,,,,,,1,,,,,,,,,,,,,0.0,,,,,,,,,,C,0.0,0.0,0.0,0.0,0.0,,0,0.0,0.0,,SCHEDULER,124159,231832.0,,,,,,,,,,,0,0.0,,,0.0,0.0,0,0.0,0.0,0.0,0.0,0.0,,0.0,,,,0.0,0.0,P,,0.0,0.0,0.0,0.0,,,,,0.0,123166,,0.0,,0.0,,,,0.0,,0.0,0.0,,0.0,0.0,0.0,0.0,0.0,,0.0,,,0,,0.0,,,1010.0,0.0,0.0,,,0.0,,0.0,0,0
5387227,607650,1.01,607650.0,1,,,,,,0.0,20314,20314,20314,20230615,20230615,20230615,,20240305,,20240305,20230615,20230615,20230615,joe fields,,-999,Billable Freight,Billable Freight,USD,0.0,,4140720.0,,,,,0.0,0.0,0.0,FREIGHT,,F,999,924,11500,,0.0,0.0,0.0,0.0,,,,,,,,,,,EA,1.0,1.0,0.0,0.0,0.0,0.0,1.0,0.0,,,24.79,24.79,0.0,1,,EA,0.0,0.0,0.0,1,0.0,,1,,,0.0,0.0,MOTORGRP,,,0.0,0.0,0.0,N,,,,0,,Y,Y,Y,,,,,0.0,2001.0,GRD,,,,,UFP,,,,EA,1.0,,0.0,EA,0.0,,0.0,,,,,,FT10,20.0,24.0,,,,,,1,,,,,,,,,,,,,0.0,,,,,,,,,,7,0.0,0.0,0.0,0.0,0.0,,0,0.0,0.0,,SCHEDULER,124065,231433.0,,,,,,,,,,,0,0.0,,,0.0,0.0,0,0.0,0.0,0.0,0.0,0.0,,0.0,,,,0.0,0.0,P,,0.0,0.0,0.0,0.0,,,,,0.0,123166,,0.0,,0.0,,,,0.0,,0.0,0.0,,0.0,0.0,0.0,0.0,0.0,,0.0,,,0,,0.0,,,1010.0,0.0,0.0,,,0.0,,0.0,0,0
5396607,608810,6.01,608810.0,6,,,,,,0.0,3991,7735,3991,20230619,20230619,20230619,,20240612,,20240612,20230619,20230619,20230619,P102201840,,-999,Billable Freight,Billable Freight,USD,0.0,,4281270.0,,,,,0.0,0.0,0.0,FREIGHT,,F,999,924,10400,,0.0,0.0,0.0,0.0,,,,,,,,,,,EA,1.0,1.0,0.0,0.0,0.0,0.0,1.0,0.0,,,18.61,18.61,0.0,1,,EA,0.0,0.0,0.0,1,0.0,,601,,,0.0,0.0,DTEC,,,0.0,0.0,0.0,N,,,,5,,Y,Y,Y,,,,,0.0,2001.0,GRD,,,,,FP,,,,EA,1.0,,0.0,EA,0.0,,0.0,,,,,,FT10,20.0,24.0,,,,,,1,,,,,,,,,,,,,0.0,,,,,,,,,,C,0.0,0.0,0.0,0.0,0.0,,0,0.0,0.0,,SCHEDULER,124164,232014.0,,,,,,,,,,,0,0.0,,,0.0,0.0,0,0.0,0.0,0.0,0.0,0.0,,0.0,,,,0.0,0.0,P,,0.0,0.0,0.0,0.0,,,,,0.0,123170,,0.0,,0.0,,,,0.0,,0.0,0.0,,0.0,0.0,0.0,0.0,0.0,,0.0,,,0,,0.0,,,6010.0,0.0,0.0,,,0.0,,0.0,0,0
5399497,609151,11.01,609151.0,11,,,,,,0.0,3921,41350,3921,20230616,20230616,20230616,,20240401,,20240401,20230616,20230616,20230616,E3619-799,,-999,Billable Freight,Billable Freight,USD,0.0,,4165880.0,,,,,0.0,0.0,0.0,FREIGHT,,F,999,924,11500,,0.0,0.0,0.0,0.0,,,,,,,,,,,EA,1.0,1.0,0.0,0.0,0.0,0.0,1.0,0.0,,,18.63,18.63,0.0,1,,EA,0.0,0.0,0.0,1,0.0,,96,,,0.0,0.0,DTEC,,,0.0,0.0,0.0,N,,,,3,,Y,Y,Y,,,,,0.0,2001.0,GRD,,,,,FP,,,,EA,1.0,,0.0,EA,0.0,,0.0,,,,,,FT10,20.0,24.0,,,,,,1,,,,,,,,,,,,,0.0,,,,,,,,,,S,0.0,0.0,0.0,0.0,0.0,,0,0.0,0.0,,SCHEDULER,124092,231636.0,,,,,,,,,,,0,0.0,,,0.0,0.0,0,0.0,0.0,0.0,0.0,0.0,,0.0,,,,0.0,0.0,P,,0.0,0.0,0.0,0.0,,,,,0.0,123167,,0.0,,0.0,,,,0.0,,0.0,0.0,,0.0,0.0,0.0,0.0,0.0,,0.0,,,0,,0.0,,,11010.0,0.0,0.0,,,0.0,,0.0,0,0
5400063,609314,12,,,,,,,,0.0,40232,40888,40232,20240306,20230617,20240306,,20240306,,20240306,20240306,20230617,20240306,P230605530,,-999,Billable Freight,Billable Freight,USD,0.0,,4140010.0,,,,,0.0,0.0,0.0,FREIGHT,,F,999,620,11500,,0.0,0.0,0.0,0.0,,,,,,,,,,,EA,1.0,1.0,0.0,0.0,0.0,0.0,1.0,0.0,,,26.91,26.91,0.0,1,,EA,0.0,0.0,0.0,1,0.0,,NX5,,,0.0,0.0,OEMTLGRP,,,0.0,0.0,0.0,N,,,,S,,Y,Y,Y,,,,,0.0,0.0,,,,STI,,MPP,,,,EA,1.0,,0.0,EA,0.0,,0.0,,,,,,FT10,20.0,24.0,,,,,,,,,,,,,,,,,,,0.0,,,,,,,,,,C,0.0,0.0,0.0,0.0,0.0,,0,0.0,0.0,,SCHEDULER,124066,231747.0,,,,,,,,,,,0,0.0,,,0.0,0.0,0,0.0,0.0,0.0,0.0,0.0,,0.0,,,,0.0,0.0,P,,0.0,0.0,0.0,0.0,,,,,0.0,124066,,0.0,,0.0,,,,0.0,,0.0,0.0,,0.0,0.0,0.0,0.0,0.0,,0.0,,,0,,0.0,,00000,12000.0,0.0,0.0,,,0.0,,0.0,0,0
5401561,609622,5,,,,,,,,0.0,932,16519,932,20230620,20230620,20230620,20240517.0,20240517,,20240517,20230704,20230620,20230627,E005750,,54574,1932650,1932650,USD,0.0,,4244460.0,AVAIL,,,,0.0,0.0,0.0,2VB2240441OH BR R22-404-410A H,1/EA,S,999,900,11500,,0.0,0.0,0.0,0.0,TLS,338,3S7,Y,MAN,YL,K40,STR,338,,EA,4.0,4.0,0.0,0.0,0.0,0.0,4.0,0.0,H,,128.19,512.76,0.0,0,,EA,0.0,80.8466,3.2339,0,0.0,,38,,,0.0,0.0,DTEC,ORD,,0.0,0.0,0.0,Y,,,,5,1,Y,Y,Y,,,,,10500.0,2001.0,GRD,,,,,MPP,,,,EA,4.0,EA,4.0,EA,178000.0,LB,15801.0,FC,,,,02,IN19,20.0,24.0,,1,,,,1,,,1,,,,,,,,,,0.0,,,,,,,,O,,C,0.0,0.0,0.0,0.0,0.0,,0,0.0,0.0,,TMARTIN,124138,231815.0,,,0,,,,,,,,0,0.0,,,0.0,0.0,0,0.0,15406.0,0.0,0.0,0.0,,0.0,,,,0.0,0.0,P,,0.0,0.0,0.0,0.0,,,,,0.0,123178,,0.0,,0.0,,,,3100.0,,0.0,0.0,,0.0,0.0,0.0,0.0,0.0,,0.0,Line has Shipped,,0,,0.0,,00000,5000.0,0.0,0.0,,,0.0,,0.0,1,1
5401562,609622,5.1,,,,,,,,0.0,932,16519,932,20230620,20230620,20230620,20240530.0,20240530,,20240530,20230704,20230620,20230627,E005750,,54574,1932650,1932650,USD,0.0,,4259600.0,AVAIL,,,,0.0,0.0,0.0,2VB2240441OH BR R22-404-410A H,1/EA,S,999,904,11500,,0.0,0.0,0.0,0.0,TLS,338,3S7,Y,MAN,YL,K40,STR,338,,EA,3.0,3.0,0.0,0.0,0.0,0.0,3.0,0.0,H,,128.19,384.57,0.0,0,,EA,0.0,80.8466,2.4254,0,0.0,,38,,,0.0,0.0,DTEC,ORD,,0.0,0.0,0.0,Y,,,,5,1,Y,Y,Y,,,,,10500.0,2001.0,GRD,,,,,MPP,,,,EA,3.0,EA,3.0,EA,133500.0,LB,11851.0,FC,,,,02,IN19,20.0,24.0,,1,,,,1,,,1,,,,,,,,,,0.0,,,,,,,,O,,C,0.0,0.0,0.0,0.0,0.0,,0,0.0,0.0,,TMARTIN,124151,231851.0,,,0,,,,,,,,0,0.0,,,0.0,0.0,0,0.0,153353.0,0.0,0.0,0.0,,0.0,,,,0.0,0.0,P,,0.0,0.0,0.0,0.0,,,,,0.0,123178,,0.0,,0.0,,,,3100.0,,0.0,0.0,,0.0,0.0,0.0,0.0,0.0,,0.0,Ships Week of Jun 03 2024,,0,,0.0,,00000,5100.0,0.0,0.0,,,0.0,,0.0,1,1
5402602,609713,94,,,,,,,,0.0,2815,17200,2815,20230621,20230621,20230621,20240305.0,20240305,,20240305,20240223,20230621,20240223,9086426,,11091,25318801,25318801,USD,0.0,,4134620.0,AVAIL,,,,0.0,0.0,0.0,Heatcraft1975Wts200-240V/3CW,,S,999,904,11500,,0.0,0.0,0.0,0.0,ELE,840,,Y,33N,YS,,PAK,MSD,INT,EA,1.0,1.0,0.0,0.0,0.0,0.0,1.0,0.0,H,,1111.15,1111.15,0.0,,N,EA,0.0,1082.5,10.825,,1082.5,,267,,,0.0,0.0,DTEC,,,0.0,0.0,0.0,Y,,,,3,1,Y,Y,Y,,,,,82178.0,36332.0,LTL,,,,,MPP,,,,EA,1.0,EA,1.0,EA,950000.0,LB,6.0,FC,,ORD,,02,IN19,20.0,24.0,,1,,,,1,,,1,,,,,,,,,,0.0,,,,,,,,O,N,O,0.0,0.0,0.0,0.0,0.0,EA,0,111115.0,1.0,,JBUI,124065,231647.0,,,0,,,,,,S83-513,0094,0,0.0,,,0.0,0.0,0,0.0,82503.0,0.0,0.0,0.0,,0.0,,,,0.0,0.0,P,,0.0,0.0,0.0,0.0,,,,,0.0,123179,,0.0,,0.0,,,,3950.0,,0.0,0.0,,0.0,0.0,0.0,0.0,0.0,,0.0,Line has Shipped,,0,,0.0,,00000,94000.0,0.0,0.0,,,0.0,,0.0,1,0
5403968,609843,55,,,,,,,,0.0,21183,26976,21183,20230621,20230621,20230621,20240313.0,20240313,,20240313,20240318,20230621,20240311,PO15716375,,2986,5-SCR81-12W,5-SCR81-12W,USD,0.0,,4148900.0,AVAIL,,,,0.0,0.0,0.0,"Scrw,ShtMet,8x1-1/2,TprPnt,250",250/PK,S,999,900,11500,,0.0,0.0,0.0,0.0,GEN,549,314,Y,SMS,,E15,DTC,,C01,PK,2.0,2.0,0.0,0.0,0.0,0.0,2.0,0.0,H,,15.06,30.12,0.0,,N,PK,0.0,4.1504,0.083,,4.1504,,TCG,,,0.0,0.0,DTEC,PRODCAT,,0.0,0.0,0.0,Y,,,,4,1,Y,Y,Y,,,,,36018.0,36643.0,LTL,,,,,MPP,,,,PK,2.0,PK,2.0,PK,36200.0,LB,1653.0,FC,,ORD,,02,IN19,20.0,24.0,,1,,,,1,,,1,,,,,,,,,,0.0,,,,,,,,O,N,C,0.0,0.0,0.0,0.0,0.0,EA,0,1506.0,2.0,,JBUI,124073,231700.0,,,0,,,,,,5-SCR81-12W,55,0,0.0,,,0.0,0.0,0,0.0,91722.0,0.0,0.0,0.0,,0.0,,,,0.0,0.0,P,,0.0,0.0,0.0,0.0,,,,,0.0,123179,,0.0,,0.0,,,,3992.0,,0.0,0.0,,0.0,0.0,0.0,0.0,0.0,,0.0,Ships Week of Mar 18 2024,,0,,0.0,,00000,55000.0,0.0,0.0,,,0.0,,0.0,1,1
5404189,609843,266,,,,,,,,0.0,21183,26976,21183,20230621,20230621,20230621,20240605.0,20240605,,20240605,20240520,20230621,20240520,PO15716375,,50723,RSC-TOOL,RSC-TOOL,USD,0.0,,4271510.0,AVAIL,,,,0.0,0.0,0.0,"Tool, Univ, for RSC",1/EA,S,999,900,11500,,0.0,0.0,0.0,0.0,REF,898,3FR,Y,RES,YL,A24,DTC,,C01,EA,100.0,100.0,0.0,0.0,0.0,0.0,100.0,0.0,H,,12.03,1203.0,0.0,,N,EA,0.0,6.4116,6.4116,,6.4116,,TCG,,,0.0,0.0,DTEC,ORD,,0.0,0.0,0.0,Y,,,,4,1,Y,Y,Y,,,,,10300.0,36643.0,LTL,,,,,MPP,,,,EA,100.0,EA,100.0,EA,100000.0,LB,26204.0,FC,,ORD,,02,IN19,20.0,24.0,,1,,,,1,,,1,,,,,,,,,,0.0,,,,,,,,O,N,C,0.0,0.0,0.0,0.0,0.0,EA,0,1203.0,172.0,,JBUI,124157,231932.0,,,0,,,,,,RSC-TOOL,266,0,0.0,,,0.0,0.0,0,0.0,141223.0,0.0,0.0,0.0,,0.0,,,,0.0,0.0,P,,0.0,0.0,0.0,0.0,,,,,0.0,123179,,0.0,,0.0,,,,3983.0,,0.0,0.0,,0.0,0.0,0.0,0.0,0.0,,0.0,Ships Week of Jun 10 2024,,0,,0.0,,00000,266000.0,0.0,0.0,,,0.0,,0.0,1,1
5404190,609843,266.1,,,,,,,,0.0,21183,26976,21183,20230621,20230621,20230621,20240614.0,20240614,,20240614,20240612,20230621,20240605,PO15716375,,50723,RSC-TOOL,RSC-TOOL,USD,0.0,,4275050.0,AVAIL,,,,0.0,0.0,0.0,"Tool, Univ, for RSC",1/EA,S,999,904,11500,,0.0,0.0,0.0,0.0,REF,898,3FR,Y,RES,YL,A24,DTC,,C01,EA,72.0,72.0,0.0,0.0,0.0,0.0,72.0,0.0,H,,12.03,866.16,0.0,,N,EA,0.0,6.4116,4.6164,,6.4116,,TCG,,,0.0,0.0,DTEC,ORD,,0.0,0.0,0.0,Y,,,,4,1,Y,Y,Y,,,,,10300.0,36643.0,LTL,,,,,MPP,,,,EA,72.0,EA,72.0,EA,72000.0,LB,18867.0,FC,,ORD,,02,IN19,20.0,24.0,,1,,,,1,,,1,,,,,,,,,,0.0,,,,,,,,O,N,C,0.0,0.0,0.0,0.0,0.0,EA,0,1203.0,172.0,,JBUI,124166,231618.0,,,0,,,,,,RSC-TOOL,266,0,0.0,,,0.0,0.0,0,0.0,141136.0,0.0,0.0,0.0,,0.0,,,,0.0,0.0,P,,0.0,0.0,0.0,0.0,,,,,0.0,123179,,0.0,,0.0,,,,3983.0,,0.0,0.0,,0.0,0.0,0.0,0.0,0.0,,0.0,Ships Week of Jun 17 2024,,0,,0.0,,00000,266100.0,0.0,0.0,,,0.0,,0.0,1,1
5404574,609876,76,,,,,,,,0.0,2988,8974,2988,20230621,20230621,20230621,20240606.0,20240606,,20240606,20230721,20230621,20230714,LAF-P02552,,50723,RSC-TOOL,RSC-TOOL,USD,0.0,,4274840.0,AVAIL,,,,0.0,0.0,0.0,"Tool, Univ, for RSC",1/EA,S,999,904,11500,,0.0,0.0,0.0,0.0,REF,898,3FR,Y,RES,YL,A24,DTC,,C01,EA,5.0,5.0,0.0,0.0,0.0,0.0,5.0,0.0,H,,11.07,55.35,0.0,1,N,EA,0.0,6.4116,0.3206,,0.0,,38,,,0.0,0.0,DTEC,ORD,,0.0,0.0,0.0,Y,,,,0,,Y,Y,Y,,,,,10300.0,2001.0,GRD,,,,,UPP,,,,EA,5.0,EA,5.0,EA,5000.0,LB,1310.0,FC,,ORD,,02,IN19,20.0,24.0,,1,,,,1,,,1,,,,,,,,,,0.0,,,,,,,,O,N,C,0.0,0.0,0.0,0.0,0.0,,0,0.0,0.0,,SCHEDULER,124158,232130.0,,,1,,,,,,,,0,0.0,,,0.0,0.0,0,0.0,182233.0,0.0,0.0,0.0,,0.0,,,,0.0,0.0,P,,0.0,0.0,0.0,0.0,,,,,0.0,123179,,0.0,,0.0,,,,3983.0,,0.0,0.0,,0.0,0.0,0.0,0.0,0.0,,0.0,Ships Week of Jun 10 2024,,0,,0.0,,00000,76000.0,0.0,0.0,,,0.0,,0.0,1,1
5404763,609913,1.001,,,,,,,,0.0,37081,37081,37081,20230621,20230621,20230621,20240307.0,20240307,,20240307,20240301,20230621,20240223,1118642,,16735,PVP3412,PVP3412,USD,0.0,,4124800.0,AVAIL,,,,0.0,0.0,0.0,Var Ptch 1 Groove 1/2 Bore,,S,999,904,11500,,0.0,0.0,0.0,0.0,,471,,Y,BSP,,,PAK,,,EA,16.0,16.0,0.0,0.0,0.0,0.0,16.0,0.0,H,,11.58,185.28,0.0,1,N,EA,0.0,4.5786,0.7326,,0.0,,,Z,,0.0,0.0,MOTORGRP,,,0.0,0.0,0.0,Y,,,,0,,Y,Y,Y,,,,,82162.0,36049.0,LTL,,,,,UPP,,,,EA,16.0,EA,16.0,EA,224000.0,LB,2182.0,FC,,ORD,,02,IN19,20.0,24.0,,1,,,,1,,,,,,,,,,,,,0.0,,,,,,,,O,N,7,0.0,0.0,0.0,0.0,0.0,,0,0.0,0.0,,SCHEDULER,124067,231330.0,,,0,,,,,,,,0,0.0,,,0.0,0.0,0,0.0,193551.0,0.0,0.0,0.0,,0.0,,,,0.0,0.0,P,,0.0,0.0,0.0,0.0,,,,,0.0,123179,,0.0,,0.0,,,,3955.0,,0.0,0.0,,0.0,0.0,0.0,0.0,0.0,,0.0,Ships Week of Mar 11 2024,,0,,0.0,,00000,1001.0,0.0,0.0,,,0.0,,0.0,1,1
5404810,609917,40,,,,,,,,0.0,1634,6214,1634,20230621,20230621,20230621,20240326.0,20240326,,20240326,20230705,20230621,20230628,F23HQ51,,32143,ED-AT3,ED-AT3,USD,0.0,,4165880.0,AVAIL,,,,0.0,0.0,0.0,"Blade Fuse, 3 Amp - Purple",10/PK,S,999,900,10400,,0.0,0.0,0.0,0.0,DEV,471,1D4,N,ELE,,F25,DEV,471,,PK,3.0,3.0,0.0,0.0,0.0,0.0,3.0,0.0,H,,9.56,28.68,0.0,0,,PK,0.0,15.9074,0.4772,0,15.9074,,38,,,0.0,0.0,DTEC,PRODCAT,,0.0,0.0,0.0,Y,,,,5,1,Y,Y,Y,,,,,10300.0,2001.0,GRD,,,,,MPP,,,,PK,3.0,PK,3.0,PK,6000.0,LB,52.0,FC,,ORD,,02,IN19,20.0,24.0,,1,,,,1,,,1,,,,,,,,,,0.0,,,,,,,,O,,C,0.0,0.0,0.0,0.0,0.0,,0,0.0,0.0,,BWILES,124086,233000.0,,,0,,,,,,,,0,0.0,,,0.0,0.0,0,0.0,195506.0,0.0,0.0,0.0,0,0.0,,,,0.0,0.0,P,,0.0,0.0,0.0,0.0,,,,,0.0,123179,,0.0,,0.0,,,,3983.0,,0.0,0.0,,0.0,0.0,0.0,0.0,0.0,,0.0,Ships Week of Apr 08 2024,,0,,0.0,,00000,40000.0,0.0,0.0,,,0.0,,0.0,1,1
5404836,609917,63,,,,,,,,0.0,1634,6214,1634,20230621,20230621,20230621,20240326.0,20240326,,20240326,20230705,20230621,20230628,F23HQ51,,29309,PI307CX,PI307CX,USD,0.0,,4165880.0,AVAIL,,,,0.0,0.0,0.0,EMT Strap fits 3/4in cond 1 h,ole zn Pltd. Steel 100/PK,S,999,900,10400,,0.0,0.0,0.0,0.0,DEV,471,19B,N,FAS,,F07,DEV,471,,PK,1.0,1.0,0.0,0.0,0.0,0.0,1.0,0.0,H,,14.07,14.07,0.0,0,,PK,0.0,10.788,0.1079,0,10.788,,38,,,0.0,0.0,DTEC,PRODCAT,,0.0,0.0,0.0,Y,,,,5,1,Y,Y,Y,,,,,10300.0,2001.0,GRD,,,,,MPP,,,,PK,1.0,PK,1.0,PK,23600.0,LB,1262.0,FC,,ORD,,02,IN19,20.0,24.0,,1,,,,1,,,1,,,,,,,,,,0.0,,,,,,,,O,,C,0.0,0.0,0.0,0.0,0.0,,0,0.0,0.0,,BWILES,124086,233000.0,,,0,,,,,,,,0,0.0,,,0.0,0.0,0,0.0,195506.0,0.0,0.0,0.0,,0.0,,,,0.0,0.0,P,,0.0,0.0,0.0,0.0,,,,,0.0,123179,,0.0,,0.0,,,,3002.0,,0.0,0.0,,0.0,0.0,0.0,0.0,0.0,,0.0,Ships Week of Apr 08 2024,,0,,0.0,,00000,63000.0,0.0,0.0,,,0.0,,0.0,1,1
5404910,609925,21,,,,,,,,0.0,1450,6074,1450,20230621,20230621,20230621,20240605.0,20240606,,20240606,20240507,20230621,20240430,P1543095,,50723,RSC-TOOL,RSC-TOOL,USD,0.0,,4270890.0,AVAIL,,,,0.0,0.0,0.0,"Tool, Univ, for RSC",1/EA,S,999,900,11500,,0.0,0.0,0.0,0.0,REF,898,3FR,Y,RES,YL,A24,DTC,,C01,EA,5.0,5.0,0.0,0.0,0.0,0.0,5.0,0.0,H,,12.03,60.15,0.0,0,,EA,0.0,6.4116,0.3206,0,0.0,,LJ,,,0.0,0.0,DTEC,ORD,,0.0,0.0,0.0,Y,,,,4,1,Y,Y,Y,,,,,10300.0,2001.0,GRD,,,,,MPP,,,,EA,5.0,EA,5.0,EA,5000.0,LB,1310.0,FC,,ORD,,02,IN19,20.0,24.0,,1,,,,1,,,1,,,,,,,,,,0.0,,,,,,,,O,,7,0.0,0.0,0.0,0.0,0.0,,0,0.0,0.0,,TMARTIN,124158,231521.0,,,0,,,,,,,,0,0.0,,,0.0,0.0,0,0.0,222430.0,0.0,0.0,0.0,,0.0,,,,0.0,0.0,P,,0.0,0.0,0.0,0.0,,,,,0.0,123179,,0.0,,0.0,,,,3983.0,,0.0,0.0,,0.0,0.0,0.0,0.0,0.0,,0.0,Line has Shipped,,0,,0.0,,00000,21000.0,0.0,0.0,,,0.0,,0.0,1,1
5407335,610175,2,,,,,,,,0.0,1440,1440,1440,20230621,20230621,20230621,20240312.0,20240312,,20240312,20230705,20230621,20230628,W006004,,2972,5-SCR103-4DP,5-SCR103-4DP,USD,0.0,,4146550.0,AVAIL,,,,0.0,0.0,0.0,"Scrw,ShtMet,10x3/4,SlfTap,500",500/PK,S,999,900,11500,,0.0,0.0,0.0,0.0,GEN,549,315,Y,SMS,,E15,DTC,,C01,PK,10.0,10.0,0.0,0.0,0.0,0.0,10.0,0.0,H,,14.78,147.8,0.0,,N,PK,0.0,4.8046,0.4805,,0.0,,38,,,0.0,0.0,DTEC,PRODCAT,,0.0,0.0,0.0,Y,,,,5,1,Y,Y,Y,,,,,36018.0,2001.0,GRD,,,,,MPP,,,,PK,10.0,PK,10.0,PK,300000.0,LB,3525.0,FC,,ORD,,02,IN19,20.0,24.0,,1,,,,1,,,1,,,,,,,,,,0.0,,,,,,,,O,N,C,0.0,0.0,0.0,0.0,0.0,EA,0,1478.0,10.0,,JBARRETO,124072,231857.0,,,0,,,,,,DT-5-SCR103-4DP,2,0,0.0,,,0.0,0.0,0,0.0,81917.0,0.0,0.0,0.0,,0.0,,,,0.0,0.0,P,,0.0,0.0,0.0,0.0,,,,,0.0,123179,,0.0,,0.0,,,,3992.0,,0.0,0.0,,0.0,0.0,0.0,0.0,0.0,,0.0,Line has Shipped,,0,,0.0,,00000,2000.0,0.0,0.0,,,0.0,,0.0,1,1
5407801,610236,3,,,,,,,,0.0,40322,40322,40322,20230621,20230621,20230621,20240312.0,20240312,,20240312,20230728,20230621,20230721,130077-RS,,55359,364-FHB-08,364-FHB-08,USD,0.0,,4148560.0,AVAIL,,,,0.0,0.0,0.0,Swivel Handle Bender 1/2,1/EA,S,999,900,11500,,0.0,0.0,0.0,0.0,TLS,331,3W5,Y,TBE,YS,K46,STR,331,,EA,18.0,18.0,0.0,0.0,0.0,0.0,18.0,0.0,H,,88.11,1585.98,0.0,0,,EA,0.0,12.81,2.3058,0,0.0,,,,,0.0,0.0,INDGRP,ORD,,0.0,0.0,0.0,Y,,,,S,1,Y,Y,Y,,,,,96217.0,2001.0,GRD,,,STI,,MPP,,,,EA,18.0,EA,18.0,EA,648000.0,LB,23461.0,FC,,,,02,IN19,20.0,24.0,,1,,,,1,,,1,,,,,,,,,,0.0,,,,,,,,O,,7,0.0,0.0,0.0,0.0,0.0,,0,0.0,0.0,,JBARRETO,124072,231514.0,,,0,,,,,,,,0,0.0,,,0.0,0.0,0,0.0,182909.0,0.0,0.0,0.0,,0.0,,,,0.0,0.0,P,,0.0,0.0,0.0,0.0,,,,,0.0,123202,,0.0,,0.0,,,,3993.0,,0.0,0.0,,0.0,0.0,0.0,0.0,0.0,,0.0,Ships Week of Mar 18 2024,,0,,0.0,,00000,3000.0,0.0,0.0,,,0.0,,0.0,1,1
5408024,610290,18,,,,,,,,0.0,3907,17689,3907,20230621,20230621,20230621,20240607.0,20240607,,20240607,20240617,20230621,20240610,HU000172,,50723,RSC-TOOL,RSC-TOOL,USD,0.0,,4276460.0,AVAIL,,,,0.0,0.0,0.0,"Tool, Univ, for RSC",1/EA,S,999,904,11500,,0.0,0.0,0.0,0.0,REF,898,3FR,Y,RES,YL,A24,DTC,,C01,EA,10.0,10.0,0.0,0.0,0.0,0.0,10.0,0.0,H,,12.03,120.3,0.0,0,,EA,0.0,6.4116,0.6412,0,0.0,,38,,,0.0,0.0,DTEC,ORD,,0.0,0.0,0.0,Y,,,,5,1,Y,Y,Y,,,,,10300.0,36001.0,LTL,,,,,MPP,,,,EA,10.0,EA,10.0,EA,10000.0,LB,2620.0,FC,,ORD,,02,IN19,20.0,24.0,,1,,,,1,,,1,,,,,,,,,,0.0,,,,,,,,O,,7,0.0,0.0,0.0,0.0,0.0,,0,0.0,0.0,,JBARRETO,124159,231453.0,,,0,,,,,,,,0,0.0,,,0.0,0.0,0,0.0,200237.0,0.0,0.0,0.0,,0.0,,,,0.0,0.0,P,,0.0,0.0,0.0,0.0,,,,,0.0,123179,,0.0,,0.0,,,,3983.0,,0.0,0.0,,0.0,0.0,0.0,0.0,0.0,,0.0,Ships Week of Jun 10 2024,,0,,0.0,,00000,18000.0,0.0,0.0,,,0.0,,0.0,1,1
5408348,610330,2,,,,,,,,0.0,39964,39964,39964,20230621,20230621,20230621,20240305.0,20240305,,20240305,20220606,20230621,20220530,55767504,,8388,14674,14674,USD,0.0,,4142540.0,,,,,0.0,0.0,0.0,"Rrp,Convt",,S,999,900,11500,,0.0,0.0,0.0,0.0,TLS,339,3X4,Y,WNP,YS,K46,STR,,US1,EA,100.0,100.0,0.0,0.0,0.0,0.0,100.0,0.0,H,,4.27,427.0,0.0,0,,,0.0,6.5738,6.5738,0,6.5738,,,,,0.0,0.0,OEMTLGRP,,,0.0,2310690.0,0.0,Y,,,,S,,Y,Y,Y,,,,,10500.0,42787.0,TL,,,STI,,PC,,,,EA,100.0,EA,100.0,EA,1000000.0,LB,579.0,FC,,ORD,,02,IN19,20.0,24.0,,1,,,,1,,,1,,,,,,,,,,0.0,,,,,,,,,,7,0.0,0.0,0.0,0.0,0.0,,0,0.0,0.0,,AGUZMAN,124065,231449.0,,,0,,,,,,,,0,0.0,,,0.0,0.0,0,0.0,125757.0,0.0,0.0,0.0,,0.0,,,,0.0,0.0,P,,0.0,0.0,0.0,0.0,,,,,0.0,123202,,0.0,,0.0,,,,0.0,,0.0,0.0,,0.0,0.0,0.0,0.0,0.0,,0.0,Ships Week of Mar 11 2024,,0,,0.0,,00000,2000.0,0.0,0.0,,,0.0,,0.0,1,1
5409497,610489,38,,,,,,,,0.0,2760,7440,2760,20230622,20230622,20230622,20240610.0,20240610,,20240610,20240611,20230622,20240604,K8032,,50723,RSC-TOOL,RSC-TOOL,USD,0.0,,4273200.0,AVAIL,,,,0.0,0.0,0.0,"Tool, Univ, for RSC",1/EA,S,999,900,10400,,0.0,0.0,0.0,0.0,REF,898,3FR,Y,RES,YL,A24,DTC,,C01,EA,20.0,20.0,0.0,0.0,0.0,0.0,20.0,0.0,H,,9.97,199.4,0.0,,N,EA,0.0,6.4116,1.2823,,6.4116,,115,,,0.0,0.0,DTEC,ORD,,0.0,0.0,0.0,Y,,,,4,1,Y,Y,Y,,,,,10300.0,36049.0,LTL,,,,,MPP,,,,EA,20.0,EA,20.0,EA,20000.0,LB,5241.0,FC,,ORD,,02,IN19,20.0,24.0,,1,,,,1,,,1,,,,,,,,,,0.0,,,,,,,,O,N,7,0.0,0.0,0.0,0.0,0.0,EA,0,997.0,20.0,,JBUI,124162,231342.0,,,0,,,,,,RSC-TOOL,38,0,0.0,,,0.0,0.0,0,0.0,180954.0,0.0,0.0,0.0,,0.0,,,,0.0,0.0,P,,0.0,0.0,0.0,0.0,,,,,0.0,123180,,0.0,,0.0,,,,3983.0,,0.0,0.0,,0.0,0.0,0.0,0.0,0.0,,0.0,Ships Week of Jun 17 2024,,0,,0.0,,00000,38000.0,0.0,0.0,,,0.0,,0.0,1,1
5411109,610684,8,,,,,,,,0.0,25447,25447,25447,20230622,20230622,20230622,20240401.0,20240401,,20240401,20230706,20230622,20230629,29572,,32143,ED-AT3,ED-AT3,USD,0.0,,4165880.0,AVAIL,,,,0.0,0.0,0.0,"Blade Fuse, 3 Amp - Purple",10/PK,S,999,900,11500,,0.0,0.0,0.0,0.0,DEV,471,1D4,N,ELE,,F25,DEV,471,,PK,1.0,1.0,0.0,0.0,0.0,0.0,1.0,0.0,H,,9.56,9.56,0.0,1,N,PK,0.0,15.9074,0.1591,,0.0,,1,,,0.0,0.0,MOTORGRP,PRODCAT,,0.0,0.0,0.0,Y,,,,0,,Y,Y,Y,,,,,10300.0,2001.0,GRD,,,,,UFP,,,,PK,1.0,PK,1.0,PK,2000.0,LB,17.0,FC,,ORD,,02,IN19,20.0,24.0,,1,,,,1,,,8,,,,,,,,,,0.0,,,,,,,,O,N,7,0.0,0.0,0.0,0.0,0.0,,0,0.0,0.0,,SCHEDULER,124092,231351.0,,,1,,,,,,,,0,0.0,,,0.0,0.0,0,0.0,84450.0,0.0,0.0,0.0,,0.0,,,,0.0,0.0,P,,0.0,0.0,0.0,0.0,,,,,0.0,123180,,0.0,,0.0,,,,3983.0,,0.0,0.0,,0.0,0.0,0.0,0.0,0.0,,0.0,Ships Week of Apr 08 2024,,0,,0.0,,00000,8000.0,0.0,0.0,,,0.0,,0.0,1,1
5411110,610684,8.01,610684.0,8,,,,,,0.0,25447,25447,25447,20230622,20230622,20230622,,20240401,,20240401,20230622,20230622,20230622,29572,,-999,Billable Freight,Billable Freight,USD,0.0,,4165880.0,,,,,0.0,0.0,0.0,FREIGHT,,F,999,924,11500,,0.0,0.0,0.0,0.0,,,,,,,,,,,EA,1.0,1.0,0.0,0.0,0.0,0.0,1.0,0.0,,,16.96,16.96,0.0,1,,EA,0.0,0.0,0.0,1,0.0,,1,,,0.0,0.0,MOTORGRP,,,0.0,0.0,0.0,N,,,,0,,Y,Y,Y,,,,,0.0,2001.0,GRD,,,,,UFP,,,,EA,1.0,,0.0,EA,0.0,,0.0,,,,,,FT10,20.0,24.0,,,,,,1,,,,,,,,,,,,,0.0,,,,,,,,,,7,0.0,0.0,0.0,0.0,0.0,,0,0.0,0.0,,SCHEDULER,124092,231351.0,,,,,,,,,,,0,0.0,,,0.0,0.0,0,0.0,0.0,0.0,0.0,0.0,,0.0,,,,0.0,0.0,P,,0.0,0.0,0.0,0.0,,,,,0.0,123173,,0.0,,0.0,,,,0.0,,0.0,0.0,,0.0,0.0,0.0,0.0,0.0,,0.0,,,0,,0.0,,,8010.0,0.0,0.0,,,0.0,,0.0,0,0
5411530,610733,8,,,,,,,,0.0,3991,4347,3991,20230622,20230622,20230622,20240325.0,20240325,,20240325,20231004,20230622,20230927,P102205362,,32143,ED-AT3,ED-AT3,USD,0.0,,4165940.0,AVAIL,,,,0.0,0.0,0.0,"Blade Fuse, 3 Amp - Purple",10/PK,S,999,900,11500,,0.0,0.0,0.0,0.0,DEV,471,1D4,N,ELE,,F25,DEV,471,,PK,5.0,5.0,0.0,0.0,0.0,0.0,5.0,0.0,H,,9.56,47.8,0.0,,N,PK,0.0,15.9074,0.7954,,0.0,,601,,,0.0,0.0,DTEC,PRODCAT,,0.0,0.0,0.0,Y,,,,5,1,Y,Y,Y,,,,,10300.0,2001.0,GRD,,,,,MPP,,,,PK,5.0,PK,5.0,PK,10000.0,LB,87.0,FC,,ORD,,02,IN19,20.0,24.0,,1,,,,1,,,1,,,,,,,,,,0.0,,,,,,,,O,N,C,0.0,0.0,0.0,0.0,0.0,EA,0,956.0,5.0,,JBARRETO,124085,232857.0,,,0,,,,,,752180,000011,0,0.0,,,0.0,0.0,0,0.0,145005.0,0.0,0.0,0.0,,0.0,,,,0.0,0.0,P,,0.0,0.0,0.0,0.0,,,,,0.0,123180,,0.0,,0.0,,,,3983.0,,0.0,0.0,,0.0,0.0,0.0,0.0,0.0,,0.0,Ships Week of Apr 08 2024,,0,,0.0,,00000,8000.0,0.0,0.0,,,0.0,,0.0,1,1
5412369,610844,5,,,,,,,,0.0,2108,31060,2108,20230622,20230622,20230622,20240306.0,20240306,,20240306,20230706,20230622,20230629,4598849,,3689,626-20,626-20,USD,0.0,,4143540.0,AVAIL,,,,0.0,0.0,0.0,"Fuse,Time Dly/Fast Acting,20A",4/PK,S,999,904,11500,,0.0,0.0,0.0,0.0,ELE,626,2D0,Y,FUS,,G10,DTC,,,EA,4.0,4.0,0.0,0.0,0.0,0.0,4.0,0.0,H,,1.43,5.72,0.0,,N,EA,0.0,0.88,0.0352,,0.0,,146,,,0.0,0.0,DTEC,PRODCAT,,0.0,0.0,0.0,Y,,,,3,,Y,Y,Y,,,,,49716.0,2001.0,GRD,,,,,MPP,,,,EA,4.0,EA,4.0,EA,8000.0,LB,45.0,FC,,ORD,,02,IN19,20.0,24.0,,1,,,,1,,,1,,,,,,,,,,0.0,,,,,,,,O,N,O,0.0,0.0,0.0,0.0,0.0,EA,0,143.0,39.0,,TMARTIN,124066,231917.0,,,0,,,,,,DIV62620,005,0,0.0,,,0.0,0.0,0,0.0,174348.0,0.0,0.0,0.0,,0.0,,,,0.0,0.0,P,,0.0,0.0,0.0,0.0,,,,,0.0,123180,,0.0,,0.0,,,,3955.0,,0.0,0.0,,0.0,0.0,0.0,0.0,0.0,,0.0,,,0,,0.0,,00000,5000.0,0.0,0.0,,,0.0,,0.0,1,1
5412370,610844,5.1,,,,,,,,0.0,2108,31060,2108,20230622,20230622,20230622,20240418.0,20240418,,20240418,20240410,20230622,20240403,4598849,,3689,626-20,626-20,USD,0.0,,4198280.0,AVAIL,,,,0.0,0.0,0.0,"Fuse,Time Dly/Fast Acting,20A",4/PK,S,999,904,11500,,0.0,0.0,0.0,0.0,ELE,626,2D0,Y,FUS,,G10,DTC,,,EA,36.0,36.0,0.0,0.0,0.0,0.0,36.0,0.0,H,,1.43,51.48,0.0,,N,EA,0.0,0.935,0.3366,,0.0,,146,,,0.0,0.0,DTEC,PRODCAT,,0.0,0.0,0.0,Y,,,,3,,Y,Y,Y,,,,,49716.0,2001.0,GRD,,,,,MPP,,,,EA,36.0,EA,36.0,EA,72000.0,LB,407.0,FC,,ORD,,02,IN19,20.0,24.0,,1,,,,1,,,1,,,,,,,,,,0.0,,,,,,,,O,N,O,0.0,0.0,0.0,0.0,0.0,EA,0,143.0,39.0,,TMARTIN,124109,232039.0,,,0,,,,,,DIV62620,005,0,0.0,,,0.0,0.0,0,0.0,80045.0,0.0,0.0,0.0,,0.0,,,,0.0,0.0,P,,0.0,0.0,0.0,0.0,,,,,0.0,123180,,0.0,,0.0,,,,3955.0,,0.0,0.0,,0.0,0.0,0.0,0.0,0.0,,0.0,Line has Shipped,,0,,0.0,,00000,5100.0,0.0,0.0,,,0.0,,0.0,1,1
5413029,610965,6,,,,,,,,0.0,709,9313,709,20230623,20230623,20230623,20240309.0,20240309,,20240309,20230905,20230623,20230829,CNC2303802,,2972,5-SCR103-4DP,5-SCR103-4DP,USD,0.0,,4146600.0,AVAIL,,,,0.0,0.0,0.0,"Scrw,ShtMet,10x3/4,SlfTap,500",500/PK,S,999,900,10400,,0.0,0.0,0.0,0.0,GEN,549,315,Y,SMS,,E15,DTC,,C01,PK,3.0,3.0,0.0,0.0,0.0,0.0,3.0,0.0,H,,16.06,48.18,0.0,,N,PK,0.0,4.7799,0.1434,,4.7799,,10R,,,0.0,0.0,DTEC,PRODCAT,,0.0,0.0,0.0,Y,,,,4,1,Y,Y,Y,,,,,36018.0,2001.0,GRD,,,,,MPP,,,,PK,3.0,PK,3.0,PK,90000.0,LB,1058.0,FC,,ORD,,02,IN19,20.0,24.0,,1,,,,1,,,1,,,,,,,,,,0.0,,,,,,,,O,N,7,0.0,0.0,0.0,0.0,0.0,EA,0,1606.0,3.0,,JBUI,124069,231346.0,,,0,,,,,,5-SCR103-4DP,6,0,0.0,,,0.0,0.0,0,0.0,83850.0,0.0,0.0,0.0,,0.0,,,,0.0,0.0,P,,0.0,0.0,0.0,0.0,,,,,0.0,123181,,0.0,,0.0,,,,3992.0,,0.0,0.0,,0.0,0.0,0.0,0.0,0.0,,0.0,Ships Week of Mar 11 2024,,0,,0.0,,00000,6000.0,0.0,0.0,,,0.0,,0.0,1,1
5413313,610981,3,,,,,,,,0.0,2004,2004,2004,20230623,20230623,20230623,20240529.0,20240529,,20240529,20230613,20230623,20230606,AB-24925560,,61449,IR-12QK,IR-12QK,USD,0.0,,4256480.0,AVAIL,,,,0.0,0.0,0.0,12 Pc Qtr-Turn Pliers Kit 0Deg,1/EA,S,999,904,11500,,0.0,0.0,0.0,0.0,TLS,339,3W5,Y,WNP,,K46,STR,,,EA,2.0,2.0,0.0,0.0,0.0,0.0,2.0,0.0,H,,147.51,295.02,0.0,,N,EA,0.0,67.5554,1.3511,,0.0,,WAA,,,0.0,0.0,INDGRP,ORD,,0.0,0.0,0.0,Y,,,,0,1,Y,Y,Y,,,,,10500.0,2001.0,GRD,,,,,MPP,,,,EA,2.0,EA,2.0,EA,100000.0,LB,6250.0,FC,,ORD,,02,IN19,20.0,24.0,,1,,,,1,,,1,,,,,,,,,,0.0,,,,,,,,O,N,7,0.0,0.0,0.0,0.0,0.0,EA,0,14751.0,11.0,,JBUI,124150,231444.0,,,0,,,,,,IR-12QK,3,0,0.0,,,0.0,0.0,0,0.0,72851.0,0.0,0.0,0.0,,0.0,,,,0.0,0.0,P,,0.0,0.0,0.0,0.0,,,,,0.0,123181,,0.0,,0.0,,,,3100.0,,0.0,0.0,,0.0,0.0,0.0,0.0,0.0,,0.0,Ships Week of Jun 03 2024,,0,,0.0,,00000,3000.0,0.0,0.0,,,0.0,,0.0,1,1
5413314,610981,3.1,,,,,,,,0.0,2004,2004,2004,20230623,20230623,20230623,20240530.0,20240531,,20240531,20230613,20230623,20230606,AB-24925560,,61449,IR-12QK,IR-12QK,USD,0.0,,4264300.0,AVAIL,,,,0.0,0.0,0.0,12 Pc Qtr-Turn Pliers Kit 0Deg,1/EA,S,999,904,11500,,0.0,0.0,0.0,0.0,TLS,339,3W5,Y,WNP,,K46,STR,,,EA,9.0,9.0,0.0,0.0,0.0,0.0,9.0,0.0,H,,147.51,1327.59,0.0,,N,EA,0.0,67.5554,6.08,,0.0,,WAA,,,0.0,0.0,INDGRP,ORD,,0.0,0.0,0.0,Y,,,,0,1,Y,Y,Y,,,,,10500.0,2001.0,GRD,,,,,MPP,,,,EA,9.0,EA,9.0,EA,450000.0,LB,28125.0,FC,,ORD,,02,IN19,20.0,24.0,,1,,,,1,,,1,,,,,,,,,,0.0,,,,,,,,O,N,7,0.0,0.0,0.0,0.0,0.0,EA,0,14751.0,11.0,,JBUI,124152,231518.0,,,0,,,,,,IR-12QK,3,0,0.0,,,0.0,0.0,0,0.0,233931.0,0.0,0.0,0.0,,0.0,,,,0.0,0.0,P,,0.0,0.0,0.0,0.0,,,,,0.0,123181,,0.0,,0.0,,,,3100.0,,0.0,0.0,,0.0,0.0,0.0,0.0,0.0,,0.0,Line has Shipped,,0,,0.0,,00000,3100.0,0.0,0.0,,,0.0,,0.0,1,1
5413879,611097,18,,,,,,,,0.0,2922,13865,2922,20230623,20230623,20230623,20240607.0,20240607,,20240607,20230907,20230623,20230831,A003391,,50723,RSC-TOOL,RSC-TOOL,USD,0.0,,4274950.0,AVAIL,,,,0.0,0.0,0.0,"Tool, Univ, for RSC",1/EA,S,999,904,11500,,0.0,0.0,0.0,0.0,REF,898,3FR,Y,RES,YL,A24,DTC,,C01,EA,10.0,10.0,0.0,0.0,0.0,0.0,10.0,0.0,H,,11.07,110.7,0.0,0,,EA,0.0,6.4116,0.6412,0,0.0,,601,,,0.0,0.0,DTEC,ORD,,0.0,0.0,0.0,Y,,,,5,1,Y,Y,Y,,,,,10300.0,2001.0,GRD,,,,,MPP,,,,EA,10.0,EA,10.0,EA,10000.0,LB,2620.0,FC,,ORD,,02,IN19,20.0,24.0,,1,,,,1,,,1,,,,,,,,,,0.0,,,,,,,,O,,C,0.0,0.0,0.0,0.0,0.0,,0,0.0,0.0,,BWILES,124159,231806.0,,,0,,,,,,,,0,0.0,,,0.0,0.0,0,0.0,11726.0,0.0,0.0,0.0,,0.0,,,,0.0,0.0,P,,0.0,0.0,0.0,0.0,,,,,0.0,123181,,0.0,,0.0,,,,3983.0,,0.0,0.0,,0.0,0.0,0.0,0.0,0.0,,0.0,Ships Week of Jun 10 2024,,0,,0.0,,00000,18000.0,0.0,0.0,,,0.0,,0.0,1,1
5414072,611138,12,,,,,,,,0.0,747,747,747,20230623,20230623,20230623,20240605.0,20240606,,20240606,20240617,20230623,20240610,54168,,50723,RSC-TOOL,RSC-TOOL,USD,0.0,,4270370.0,AVAIL,,,,0.0,0.0,0.0,"Tool, Univ, for RSC",1/EA,S,999,900,11500,,0.0,0.0,0.0,0.0,REF,898,3FR,Y,RES,YL,A24,DTC,,C01,EA,6.0,6.0,0.0,0.0,0.0,0.0,6.0,0.0,H,,12.03,72.18,0.0,,N,EA,0.0,6.4116,0.3847,,0.0,,1,,,0.0,0.0,APPLGRP,ORD,,0.0,0.0,0.0,Y,,,,0,1,Y,Y,Y,,,,,10300.0,2001.0,GRD,,,,,MPP,,,,EA,6.0,EA,6.0,EA,6000.0,LB,1572.0,FC,,ORD,,02,IN19,20.0,24.0,,1,,,,1,,,1,,,,,,,,,,0.0,,,,,,,,O,N,7,0.0,0.0,0.0,0.0,0.0,EA,0,1203.0,6.0,,BWILES,124158,231449.0,,,0,,,,,,RSC-TOOL,12,0,0.0,,,0.0,0.0,0,0.0,223307.0,0.0,0.0,0.0,,0.0,,,,0.0,0.0,P,,0.0,0.0,0.0,0.0,,,,,0.0,123181,,0.0,,0.0,,,,3983.0,,0.0,0.0,,0.0,0.0,0.0,0.0,0.0,,0.0,Line has Shipped,,0,,0.0,,00000,12000.0,0.0,0.0,,,0.0,,0.0,1,1
5414109,611141,6,,,,,,,,0.0,3065,5148,3065,20230623,20230623,20230623,20240311.0,20240311,,20240311,20230822,20230623,20230815,1283449-00,,2972,5-SCR103-4DP,5-SCR103-4DP,USD,0.0,,4146590.0,AVAIL,,,,0.0,0.0,0.0,"Scrw,ShtMet,10x3/4,SlfTap,500",500/PK,S,999,900,11500,,0.0,0.0,0.0,0.0,GEN,549,315,Y,SMS,,E15,DTC,,C01,PK,19.0,19.0,0.0,0.0,0.0,0.0,19.0,0.0,H,,14.59,277.21,0.0,,N,PK,0.0,4.8046,0.9129,,4.8046,,601,,,0.0,0.0,DTEC,PRODCAT,,0.0,0.0,0.0,Y,,,,5,1,Y,Y,Y,,,,,36018.0,36332.0,LTL,,,,,UPP,,,,PK,19.0,PK,19.0,PK,570000.0,LB,6698.0,FC,,ORD,,02,IN19,20.0,24.0,,1,,,,1,,,1,,,,,,,,,,0.0,,,,,,,,O,N,C,0.0,0.0,0.0,0.0,0.0,EA,0,1459.0,19.0,,BWILES,124071,231936.0,,,0,,,,,,5-SCR103-4DP,6,0,0.0,,,0.0,0.0,0,0.0,111133.0,0.0,0.0,0.0,,0.0,,,,0.0,0.0,P,,0.0,0.0,0.0,0.0,,,,,0.0,123181,,0.0,,0.0,,,,3992.0,,0.0,0.0,,0.0,0.0,0.0,0.0,0.0,,0.0,Line has Shipped,,0,,0.0,,00000,6000.0,0.0,0.0,,,0.0,,0.0,1,1
5414267,611150,6,,,,,,,,0.0,3065,5146,3065,20230623,20230623,20230623,20240311.0,20240311,,20240311,20230908,20230623,20230901,1283451-00,,2972,5-SCR103-4DP,5-SCR103-4DP,USD,0.0,,4146600.0,AVAIL,,,,0.0,0.0,0.0,"Scrw,ShtMet,10x3/4,SlfTap,500",500/PK,S,999,900,11500,,0.0,0.0,0.0,0.0,GEN,549,315,Y,SMS,,E15,DTC,,C01,PK,32.0,32.0,0.0,0.0,0.0,0.0,32.0,0.0,H,,14.59,466.88,0.0,,N,PK,0.0,4.8046,1.5375,,4.8046,,601,,,0.0,0.0,DTEC,PRODCAT,,0.0,0.0,0.0,Y,,,,5,1,Y,Y,Y,,,,,36018.0,2001.0,GRD,,,,,MPP,,,,PK,32.0,PK,32.0,PK,960000.0,LB,11282.0,FC,,ORD,,02,IN19,20.0,24.0,,1,,,,1,,,1,,,,,,,,,,0.0,,,,,,,,O,N,C,0.0,0.0,0.0,0.0,0.0,EA,0,1459.0,32.0,,BWILES,124071,231936.0,,,0,,,,,,5-SCR103-4DP,6,0,0.0,,,0.0,0.0,0,0.0,100851.0,0.0,0.0,0.0,,0.0,,,,0.0,0.0,P,,0.0,0.0,0.0,0.0,,,,,0.0,123181,,0.0,,0.0,,,,3992.0,,0.0,0.0,,0.0,0.0,0.0,0.0,0.0,,0.0,Line has Shipped,,0,,0.0,,00000,6000.0,0.0,0.0,,,0.0,,0.0,1,1
5414630,611191,20,,,,,,,,0.0,2800,4319,2800,20230707,20230623,20230623,20240612.0,20240612,,20240612,20240620,20230623,20240613,P000037112,,50723,RSC-TOOL,RSC-TOOL,USD,0.0,,4280950.0,AVAIL,,,,0.0,0.0,0.0,"Tool, Univ, for RSC",1/EA,S,999,904,11500,,0.0,0.0,0.0,0.0,REF,898,3FR,Y,RES,YL,A24,DTC,,C01,EA,1.0,1.0,0.0,0.0,0.0,0.0,1.0,0.0,H,,11.07,11.07,0.0,,N,EA,0.0,6.4116,0.0641,,0.0,,BFP,,,0.0,0.0,DTEC,ORD,,0.0,0.0,0.0,Y,,,,5,1,Y,Y,Y,,,,,10300.0,2001.0,GRD,,,,,MPP,,,,EA,1.0,EA,1.0,EA,1000.0,LB,262.0,FC,,ORD,,02,IN19,20.0,24.0,,1,,,,1,,,1,,,,,,,,,,0.0,,,,,,,,O,N,C,0.0,0.0,0.0,0.0,0.0,EA,0,1107.0,1.0,,BWILES,124164,232005.0,,,0,,,,,,17543,20,0,0.0,,,0.0,0.0,0,0.0,203234.0,0.0,0.0,0.0,,0.0,,,,0.0,0.0,P,,0.0,0.0,0.0,0.0,,,,,0.0,123181,,0.0,,0.0,,,,3983.0,,0.0,0.0,,0.0,0.0,0.0,0.0,0.0,,0.0,Ships Week of Jun 17 2024,,0,,0.0,,00000,20000.0,0.0,0.0,,,0.0,,0.0,1,1
5415043,611277,54,,,,,,,,0.0,2694,7097,2694,20230623,20230623,20230623,20240327.0,20240327,,20240327,20240401,20230623,20240325,91.2280126,,32143,ED-AT3,ED-AT3,USD,0.0,,4163900.0,AVAIL,,,,0.0,0.0,0.0,"Blade Fuse, 3 Amp - Purple",10/PK,S,999,900,11500,,0.0,0.0,0.0,0.0,DEV,471,1D4,N,ELE,,F25,DEV,471,,PK,9.0,9.0,0.0,0.0,0.0,0.0,9.0,0.0,H,,9.56,86.04,0.0,,N,PK,0.0,15.9074,1.4317,,0.0,,TCG,,,0.0,0.0,DTEC,PRODCAT,,0.0,0.0,0.0,Y,,,,3,1,Y,Y,Y,,,,,10300.0,2001.0,GRD,,,,,MPP,,,,PK,9.0,PK,9.0,PK,18000.0,LB,156.0,FC,,ORD,,02,IN19,20.0,24.0,,1,,,,1,,,1,,,,,,,,,,0.0,,,,,,,,O,N,M,0.0,0.0,0.0,0.0,0.0,PK,0,950.0,9.0,,JBARRETO,124087,231853.0,,,0,,,,,,DIVEDAT3,054,0,0.0,,,0.0,0.0,0,0.0,220006.0,0.0,0.0,0.0,,0.0,,,,0.0,0.0,P,,0.0,0.0,0.0,0.0,,,,,0.0,123181,,0.0,,0.0,,,,0.0,,0.0,0.0,,0.0,0.0,0.0,0.0,0.0,,0.0,Ships Week of Apr 08 2024,,0,,0.0,,00000,54000.0,0.0,0.0,,,0.0,,0.0,1,1
5417079,611513,20,,,,,,,,0.0,2108,6276,2108,20230626,20230626,20230626,20240618.0,20240618,,20240618,20230801,20230626,20230725,4599307,,36246,SAO015Z,SAO015Z,USD,0.0,,4293230.0,AVAIL,,,,0.0,0.0,0.0,ACS TYPE S PLUG FUSE ADAPTER,4/PK,S,999,904,10400,,0.0,0.0,0.0,0.0,,626,,Y,FUS,,,PAK,,,EA,4.0,4.0,0.0,0.0,0.0,0.0,4.0,0.0,H,,9.09,36.36,0.0,,N,EA,0.0,4.89,0.1956,,4.89,,146,,,0.0,0.0,DTEC,,,0.0,0.0,0.0,Y,,,,3,1,Y,Y,Y,,,,,82167.0,2001.0,GRD,,,,,MPP,,,,EA,4.0,EA,4.0,EA,800.0,LB,78.0,FC,,ORD,,02,IN19,20.0,24.0,,1,,,,1,,,1,,,,,,,,,,0.0,,,,,,,,O,N,O,0.0,0.0,0.0,0.0,0.0,EA,0,909.0,20.0,,JBUI,124170,232030.0,,,0,,,,,,DIVSAO015Z,020,0,0.0,,,0.0,0.0,0,0.0,110134.0,0.0,0.0,0.0,,0.0,,,,0.0,0.0,P,,0.0,0.0,0.0,0.0,,,,,0.0,123184,,0.0,,0.0,,,,3955.0,,0.0,0.0,,0.0,0.0,0.0,0.0,0.0,,0.0,Week of Jun 24 2024,,0,,0.0,,00000,20000.0,0.0,0.0,,,0.0,,0.0,1,1
5417080,611513,20.1,,,,,,,,0.0,2108,6276,2108,20230626,20230626,20230626,20240618.0,20240618,,20240618,20230801,20230626,20230725,4599307,,36246,SAO015Z,SAO015Z,USD,0.0,,4293230.0,AVAIL,,,,0.0,0.0,0.0,ACS TYPE S PLUG FUSE ADAPTER,4/PK,S,999,900,10400,,0.0,0.0,0.0,0.0,,626,,Y,FUS,,,PAK,,,EA,16.0,16.0,0.0,0.0,0.0,0.0,16.0,0.0,H,,9.09,145.44,0.0,,N,EA,0.0,4.89,0.7824,,4.89,,146,,,0.0,0.0,DTEC,,,0.0,0.0,0.0,Y,,,,3,1,Y,Y,Y,,,,,82167.0,2001.0,GRD,,,,,MPP,,,,EA,16.0,EA,16.0,EA,3200.0,LB,312.0,FC,,ORD,,02,IN19,20.0,24.0,,1,,,,1,,,1,,,,,,,,,,0.0,,,,,,,,O,N,O,0.0,0.0,0.0,0.0,0.0,EA,0,909.0,20.0,,JBUI,124170,232030.0,,,0,,,,,,DIVSAO015Z,020,0,0.0,,,0.0,0.0,0,0.0,110134.0,0.0,0.0,0.0,,0.0,,,,0.0,0.0,P,,0.0,0.0,0.0,0.0,,,,,0.0,123184,,0.0,,0.0,,,,3955.0,,0.0,0.0,,0.0,0.0,0.0,0.0,0.0,,0.0,Week of Jun 24 2024,,0,,0.0,,00000,20100.0,0.0,0.0,,,0.0,,0.0,1,1
5418148,611770,15,,,,,,,,0.0,40476,41107,40476,20230626,20230626,20230626,20240312.0,20240312,,20240312,20230802,20230626,20230726,40983,,55968,S69063,S69063,USD,0.0,,4148560.0,AVAIL,,,,0.0,0.0,0.0,RP 400-F Yoke Assy,1/EA,S,999,900,11500,,0.0,0.0,0.0,0.0,TLS,331,3W5,Y,FLR,YS,K46,STR,331,US1,EA,2.0,2.0,0.0,0.0,0.0,0.0,2.0,0.0,H,,169.15,338.3,0.0,0,,EA,0.0,60.65,1.213,0,0.0,,,,,0.0,0.0,INDGRP,ORD,,0.0,0.0,0.0,Y,,,,S,1,Y,Y,Y,,,,,73829.0,2001.0,GRD,,,STI,,MPP,,,,EA,2.0,EA,2.0,EA,20000.0,LB,12.0,FC,,,,02,IN19,20.0,24.0,,1,,,,1,,,1,,,,,,,,,,0.0,,,,,,,,O,,7,0.0,0.0,0.0,0.0,0.0,,0,0.0,0.0,,JBARRETO,124072,231514.0,,,0,,,,,,,,0,0.0,,,0.0,0.0,0,0.0,173407.0,0.0,0.0,0.0,,0.0,,,,0.0,0.0,P,,0.0,0.0,0.0,0.0,,,,,0.0,123207,,0.0,,0.0,,,,3993.0,,0.0,0.0,,0.0,0.0,0.0,0.0,0.0,,0.0,Ships Week of Mar 18 2024,,0,,0.0,,00000,15000.0,0.0,0.0,,,0.0,,0.0,1,1
5418330,611796,13,,,,,,,,0.0,1835,1835,1835,20230626,20230626,20230626,20240524.0,20240524,,20240524,20230710,20230626,20230703,1045000385,,55305,421-C,421-C,USD,0.0,,3967840.0,AVAIL,,,,0.0,0.0,0.0,"2VB R22,R404A,R410A,PSI,F 60in",MTS,S,999,900,11500,,0.0,0.0,0.0,0.0,TLS,338,3W5,Y,MAN,,K46,STR,338,US1,EA,4.0,4.0,0.0,0.0,0.0,0.0,4.0,0.0,H,,70.54,282.16,0.0,0,,EA,0.0,58.9233,2.3569,0,0.0,,CA,,,0.0,0.0,LATIN,ORD,,0.0,0.0,0.0,Y,,,,4,1,Y,Y,Y,,,,,10500.0,2001.0,GRD,,,EXP,,UPP,,,,EA,4.0,EA,4.0,EA,144000.0,LB,9903.0,FC,,,,02,IN19,20.0,24.0,,1,,,,1,,,1,,,,,,,,,,0.0,,,,,,,,O,,7,0.0,0.0,0.0,0.0,0.0,,0,0.0,0.0,,JBARRETO,124145,231328.0,,,0,,,,,,,,0,0.0,,,0.0,0.0,0,0.0,3914.0,0.0,0.0,0.0,,0.0,,,,0.0,0.0,P,,0.0,0.0,0.0,0.0,,,,,0.0,123184,,0.0,,0.0,,,,3100.0,,0.0,0.0,,0.0,0.0,0.0,0.0,0.0,,0.0,Line has Shipped,,0,,0.0,,00000,13000.0,0.0,0.0,,,0.0,,0.0,1,1
5418520,611821,67,,,,,,,,0.0,34081,34081,34081,20230626,20230626,20230626,20240329.0,20240329,,20240329,20240214,20230626,20240207,2100,,32143,ED-AT3,ED-AT3,USD,0.0,,4165390.0,AVAIL,,,,0.0,0.0,0.0,"Blade Fuse, 3 Amp - Purple",10/PK,S,999,900,11500,,0.0,0.0,0.0,0.0,DEV,471,1D4,N,ELE,,F25,DEV,471,,PK,8.0,8.0,0.0,0.0,0.0,0.0,8.0,0.0,H,,9.56,76.48,0.0,,N,PK,0.0,15.9074,1.2726,,0.0,,1,,,0.0,0.0,DTEC,PRODCAT,,0.0,0.0,0.0,Y,,,,0,1,Y,Y,Y,,,,,10300.0,2001.0,GRD,,,,,MPP,,,,PK,8.0,PK,8.0,PK,16000.0,LB,139.0,FC,,ORD,,02,IN19,20.0,24.0,,1,,,,1,,,1,,,,,,,,,,0.0,,,,,,,,O,N,7,0.0,0.0,0.0,0.0,0.0,EA,0,956.0,8.0,,BWILES,124089,231421.0,,,0,,,,,,ED-AT3,67,0,0.0,,,0.0,0.0,0,0.0,171005.0,0.0,0.0,0.0,,0.0,,,,0.0,0.0,P,,0.0,0.0,0.0,0.0,,,,,0.0,123184,,0.0,,0.0,,,,3983.0,,0.0,0.0,,0.0,0.0,0.0,0.0,0.0,,0.0,Ships Week of Apr 08 2024,,0,,0.0,,00000,67000.0,0.0,0.0,,,0.0,,0.0,1,1
5418560,611822,13,,,,,,,,0.0,2848,8216,2848,20230626,20230626,20230626,20240606.0,20240606,,20240606,20230731,20230626,20230724,1140280,,50723,RSC-TOOL,RSC-TOOL,USD,0.0,,4274860.0,AVAIL,,,,0.0,0.0,0.0,"Tool, Univ, for RSC",1/EA,S,999,900,11500,,0.0,0.0,0.0,0.0,REF,898,3FR,Y,RES,YL,A24,DTC,,C01,EA,5.0,5.0,0.0,0.0,0.0,0.0,5.0,0.0,H,,11.07,55.35,0.0,,N,EA,0.0,6.4116,0.3206,,0.0,,38,,,0.0,0.0,DTEC,ORD,,0.0,0.0,0.0,Y,,,,5,1,Y,Y,Y,,,,,10300.0,2001.0,GRD,,,,,MPP,,,,EA,5.0,EA,5.0,EA,5000.0,LB,1310.0,FC,,ORD,,02,IN19,20.0,24.0,,1,,,,1,,,1,,,,,,,,,,0.0,,,,,,,,O,N,C,0.0,0.0,0.0,0.0,0.0,EA,0,1107.0,5.0,,BWILES,124158,232131.0,,,0,,,,,,DTRSCTOOL,13,0,0.0,,,0.0,0.0,0,0.0,152735.0,0.0,0.0,0.0,,0.0,,,,0.0,0.0,P,,0.0,0.0,0.0,0.0,,,,,0.0,123184,,0.0,,0.0,,,,3983.0,,0.0,0.0,,0.0,0.0,0.0,0.0,0.0,,0.0,Ships Week of Jun 10 2024,,0,,0.0,,00000,13000.0,0.0,0.0,,,0.0,,0.0,1,1
5418672,611829,32,,,,,,,,0.0,2995,8990,2995,20230626,20230626,20230626,20240309.0,20240309,,20240309,20230904,20230626,20230828,6278550,,2972,5-SCR103-4DP,5-SCR103-4DP,USD,0.0,,4146600.0,AVAIL,,,,0.0,0.0,0.0,"Scrw,ShtMet,10x3/4,SlfTap,500",500/PK,S,999,900,10400,,0.0,0.0,0.0,0.0,GEN,549,315,Y,SMS,,E15,DTC,,C01,PK,8.0,8.0,0.0,0.0,0.0,0.0,8.0,0.0,H,,16.06,128.48,0.0,,N,PK,0.0,4.8046,0.3844,,4.8046,,601,,,0.0,0.0,DTEC,PRODCAT,,0.0,0.0,0.0,Y,,,,5,1,Y,Y,Y,,,,,36018.0,2001.0,GRD,,,,,MPP,,,,PK,8.0,PK,8.0,PK,240000.0,LB,2820.0,FC,,ORD,,02,IN19,20.0,24.0,,1,,,,1,,,1,,,,,,,,,,0.0,,,,,,,,O,N,7,0.0,0.0,0.0,0.0,0.0,PK,0,1606.0,8.0,,BWILES,124069,231345.0,,,0,,,,,,5-SCR103-4DP,32,0,0.0,,,0.0,0.0,0,0.0,115348.0,0.0,0.0,0.0,,0.0,,,,0.0,0.0,P,,0.0,0.0,0.0,0.0,,,,,0.0,123184,,0.0,,0.0,,,,3992.0,,0.0,0.0,,0.0,0.0,0.0,0.0,0.0,,0.0,Ships Week of Mar 11 2024,,0,,0.0,,00000,32000.0,0.0,0.0,,,0.0,,0.0,1,1
5418719,611829,79,,,,,,,,0.0,2995,8990,2995,20230626,20230626,20230626,20240607.0,20240607,,20240607,20240612,20230626,20240605,6278550,,50723,RSC-TOOL,RSC-TOOL,USD,0.0,,4271220.0,AVAIL,,,,0.0,0.0,0.0,"Tool, Univ, for RSC",1/EA,S,999,900,10400,,0.0,0.0,0.0,0.0,REF,898,3FR,Y,RES,YL,A24,DTC,,C01,EA,7.0,7.0,0.0,0.0,0.0,0.0,7.0,0.0,H,,12.03,84.21,0.0,,N,EA,0.0,6.4116,0.4488,,6.4116,,601,,,0.0,0.0,DTEC,ORD,,0.0,0.0,0.0,Y,,,,5,1,Y,Y,Y,,,,,10300.0,55699.0,LTL,,,,,MPP,,,,EA,7.0,EA,7.0,EA,7000.0,LB,1834.0,FC,,ORD,,02,IN19,20.0,24.0,,1,,,,1,,,1,,,,,,,,,,0.0,,,,,,,,O,N,7,0.0,0.0,0.0,0.0,0.0,EA,0,1203.0,7.0,,BWILES,124159,231337.0,,,0,,,,,,RSC-TOOL,79,0,0.0,,,0.0,0.0,0,0.0,161119.0,0.0,0.0,0.0,,0.0,,,,0.0,0.0,P,,0.0,0.0,0.0,0.0,,,,,0.0,123184,,0.0,,0.0,,,,3983.0,,0.0,0.0,,0.0,0.0,0.0,0.0,0.0,,0.0,Ships Week of Jun 10 2024,,0,,0.0,,00000,79000.0,0.0,0.0,,,0.0,,0.0,1,1
5420816,612097,1.001,,,,,,,,0.0,40483,41111,40483,20230626,20230626,20230626,20240409.0,20240409,,20240409,20230802,20230626,20230726,114860,,58872,195-F-12,195-F-12,USD,0.0,,4157250.0,AVAIL,,,,0.0,0.0,0.0,Rw Med 3/4in B/O Imperial,MTS,S,999,904,11500,,0.0,0.0,0.0,0.0,TLS,339,3W5,Y,WNP,,K46,STR,,US1,EA,19.0,19.0,0.0,0.0,0.0,0.0,19.0,0.0,H,,12.45,236.55,0.0,0,,EA,0.0,15.8703,3.0154,0,0.0,,,,,0.0,0.0,OEMTLGRP,ORD,,0.0,0.0,0.0,Y,,,,S,1,Y,Y,Y,,,,,10500.0,2001.0,GRD,,,STI,,FP,,,,EA,19.0,EA,19.0,EA,76000.0,LB,229.0,FC,,ORD,,02,IN19,20.0,24.0,,1,,,,1,,,1,,,,,,,,,,0.0,,,,,,,,O,,7,0.0,0.0,0.0,0.0,0.0,,0,0.0,0.0,,BWILES,124100,231339.0,,,0,,,,,,,,0,0.0,,,0.0,0.0,0,0.0,120524.0,0.0,0.0,0.0,,0.0,,,,0.0,0.0,P,,0.0,0.0,0.0,0.0,,,,,0.0,123207,,0.0,,0.0,,,,3100.0,,0.0,0.0,,0.0,0.0,0.0,0.0,0.0,,0.0,Ships Week of Apr 22 2024,,0,,0.0,,00000,1001.0,0.0,0.0,,,0.0,,0.0,1,1
5420817,612097,1.011,612097.0,1.001,,,,,,0.0,40483,41111,40483,20230626,20230626,20230626,,20240409,,20240409,20230626,20230626,20230626,114860,,-999,Billable Freight,Billable Freight,USD,0.0,,4157250.0,,,,,0.0,0.0,0.0,FREIGHT,,F,999,924,11500,,0.0,0.0,0.0,0.0,,,,,,,,,,,EA,1.0,1.0,0.0,0.0,0.0,0.0,1.0,0.0,,,19.1,19.1,0.0,1,,EA,0.0,0.0,0.0,1,0.0,,,,,0.0,0.0,OEMTLGRP,,,0.0,0.0,0.0,N,,,,S,,Y,Y,Y,,,,,0.0,2001.0,GRD,,,STI,,FP,,,,EA,1.0,,0.0,EA,0.0,,0.0,,,,,,FT10,20.0,24.0,,,,,,1,,,,,,,,,,,,,0.0,,,,,,,,,,7,0.0,0.0,0.0,0.0,0.0,,0,0.0,0.0,,SCHEDULER,124100,231339.0,,,,,,,,,,,0,0.0,,,0.0,0.0,0,0.0,0.0,0.0,0.0,0.0,,0.0,,,,0.0,0.0,P,,0.0,0.0,0.0,0.0,,,,,0.0,123177,,0.0,,0.0,,,,0.0,,0.0,0.0,,0.0,0.0,0.0,0.0,0.0,,0.0,,,0,,0.0,,,1011.0,0.0,0.0,,,0.0,,0.0,0,0
5421355,612175,2,,,,,,,,0.0,249,5291,249,20230725,20230626,20230711,20240410.0,20240410,,20240410,20230725,20230626,20230718,4639351553,,58920,40AW35,40AW35,USD,0.0,,4186020.0,AVAIL,,,,0.0,0.0,0.0,"Grainger Wt, 9 In, (1W)",MTS,S,999,900,11500,,0.0,0.0,0.0,0.0,TLS,339,3X4,Y,WNP,,K46,STR,,US1,EA,15.0,15.0,0.0,0.0,0.0,0.0,15.0,0.0,H,,54.2,813.0,0.0,1,N,EA,0.0,26.9975,4.0496,,0.0,,1,,,0.0,0.0,DTEC,ORD,,0.0,0.0,0.0,Y,,,,3,,Y,Y,Y,,,,,10500.0,2001.0,GRD,,,,,PC,,,,EA,15.0,EA,15.0,EA,120000.0,LB,1953.0,FC,,ORD,,02,IN19,20.0,24.0,,1,,,,1,,,1,,,,,,,,,,0.0,,,,,,,,O,N,O,0.0,0.0,0.0,0.0,0.0,EA,0,5420.0,15.0,,TMARTIN,124101,231959.0,,,0,,,,,,40AW35,00002,0,0.0,,,0.0,0.0,0,0.0,3524.0,0.0,0.0,0.0,,0.0,,,,0.0,0.0,P,,0.0,0.0,0.0,0.0,,,,,0.0,123199,,0.0,,0.0,,,,3951.0,,0.0,0.0,,0.0,0.0,0.0,0.0,0.0,,0.0,Line has Shipped,,0,,0.0,,00000,2000.0,0.0,0.0,,,0.0,,0.0,1,1
5421450,612185,5,,,,,,,,0.0,249,22392,249,20230725,20230626,20230711,20240427.0,20240427,,20240427,20230725,20230626,20230718,4639354560,,2579,40AW10,40AW10,USD,0.0,,4212990.0,AVAIL,,,,0.0,0.0,0.0,Grainger Flaring & Cutting Kit,,S,999,904,10400,,0.0,0.0,0.0,0.0,TLS,331,3X4,Y,FLR,YS,K46,STR,,,EA,4.0,4.0,0.0,0.0,0.0,0.0,4.0,0.0,H,,85.94,343.76,0.0,,N,EA,0.0,32.71,1.3084,,32.71,,1,,,0.0,0.0,DTEC,ORD,,0.0,0.0,0.0,Y,,,,3,,Y,Y,Y,,,,,11500.0,2001.0,GRD,,,,,PC,,,,EA,4.0,EA,4.0,EA,198000.0,LB,6765.0,FC,,ORD,,02,IN19,20.0,24.0,,1,,,,1,,,1,,,,,,,,,,0.0,,,,,,,,O,N,O,0.0,0.0,0.0,0.0,0.0,EA,0,8594.0,4.0,,TMARTIN,124118,231423.0,,,0,,,FutureToCurrent,,,40AW10,00005,0,0.0,,,0.0,0.0,0,0.0,11525.0,0.0,0.0,0.0,,0.0,,,,0.0,0.0,P,,0.0,0.0,0.0,0.0,,,,,0.0,123199,,0.0,,0.0,,,,3993.0,,0.0,0.0,,0.0,0.0,0.0,0.0,0.0,,0.0,Ships Week of May 06 2024,,0,,0.0,,00000,5000.0,0.0,0.0,,,0.0,,0.0,1,1
5421501,612191,2,,,,,,,,0.0,249,5289,249,20230725,20230626,20230711,20240427.0,20240427,,20240427,20230725,20230626,20230718,4639354876,,2579,40AW10,40AW10,USD,0.0,,4212990.0,AVAIL,,,,0.0,0.0,0.0,Grainger Flaring & Cutting Kit,,S,999,904,11500,,0.0,0.0,0.0,0.0,TLS,331,3X4,Y,FLR,YS,K46,STR,,,EA,8.0,8.0,0.0,0.0,0.0,0.0,8.0,0.0,H,,85.94,687.52,0.0,,N,EA,0.0,32.71,2.6168,,0.0,,1,,,0.0,0.0,DTEC,ORD,,0.0,0.0,0.0,Y,,,,3,,Y,Y,Y,,,,,73829.0,2001.0,GRD,,,,,PC,,,,EA,8.0,EA,8.0,EA,396000.0,LB,13530.0,FC,,ORD,,02,IN19,20.0,24.0,,1,,,,1,,,1,,,,,,,,,,0.0,,,,,,,,O,N,O,0.0,0.0,0.0,0.0,0.0,EA,0,8594.0,8.0,,TMARTIN,124118,231423.0,,,0,,,,,,40AW10,00002,0,0.0,,,0.0,0.0,0,0.0,3523.0,0.0,0.0,0.0,,0.0,,,,0.0,0.0,P,,0.0,0.0,0.0,0.0,,,,,0.0,123199,,0.0,,0.0,,,,3993.0,,0.0,0.0,,0.0,0.0,0.0,0.0,0.0,,0.0,Ships Week of May 06 2024,,0,,0.0,,00000,2000.0,0.0,0.0,,,0.0,,0.0,1,1
5421502,612191,3,,,,,,,,0.0,249,5289,249,20230725,20230626,20230711,20240415.0,20240415,,20240415,20230725,20230626,20230718,4639354876,,2676,40AW28,40AW28,USD,0.0,,4193750.0,AVAIL,,,,0.0,0.0,0.0,"9in Wire Twister Pliers,Auto R",MTS,S,999,904,11500,,0.0,0.0,0.0,0.0,TLS,339,3X4,Y,WNP,YS,K46,STR,339,,EA,5.0,5.0,0.0,0.0,0.0,0.0,5.0,0.0,H,,60.65,303.25,0.0,,N,EA,0.0,28.4329,1.4216,,0.0,,1,,,0.0,0.0,DTEC,ORD,,0.0,0.0,0.0,Y,,,,3,,Y,Y,Y,,,,,10500.0,2001.0,GRD,,,,,PC,,,,EA,5.0,EA,5.0,EA,50000.0,LB,231.0,FC,,,,02,IN19,20.0,24.0,,1,,,,1,,,1,,,,,,,,,,0.0,,,,,,,,O,N,O,0.0,0.0,0.0,0.0,0.0,EA,0,6065.0,5.0,,TMARTIN,124106,231955.0,,,0,,,,,,40AW28,00003,0,0.0,,,0.0,0.0,0,0.0,112039.0,0.0,0.0,0.0,,0.0,,,,0.0,0.0,P,,0.0,0.0,0.0,0.0,,,,,0.0,123199,,0.0,,0.0,,,,0.0,,0.0,0.0,,0.0,0.0,0.0,0.0,0.0,,0.0,Line has Shipped,,0,,0.0,,00000,3000.0,0.0,0.0,,,0.0,,0.0,1,1
5421503,612191,4,,,,,,,,0.0,249,5289,249,20230725,20230626,20230711,20240411.0,20240412,,20240412,20230725,20230626,20230718,4639354876,,2677,40AW32,40AW32,USD,0.0,,4186020.0,AVAIL,,,,0.0,0.0,0.0,Grainger Int. RRP .038in Dia.,,S,999,900,11500,,0.0,0.0,0.0,0.0,TLS,339,3X4,Y,WNP,YS,K46,STR,,,EA,4.0,4.0,0.0,0.0,0.0,0.0,4.0,0.0,H,,17.8,71.2,0.0,,N,EA,0.0,9.6867,0.3875,,0.0,,1,,,0.0,0.0,DTEC,ORD,,0.0,0.0,0.0,Y,,,,3,,Y,Y,Y,,,,,10500.0,2001.0,GRD,,,,,PC,,,,EA,4.0,EA,4.0,EA,40000.0,LB,23.0,FC,,ORD,,02,IN19,20.0,24.0,,1,,,,1,,,1,,,,,,,,,,0.0,,,,,,,,O,N,O,0.0,0.0,0.0,0.0,0.0,EA,0,1780.0,4.0,,TMARTIN,124103,231709.0,,,0,,,,,,40AW32,00004,0,0.0,,,0.0,0.0,0,0.0,225531.0,0.0,0.0,0.0,,0.0,,,,0.0,0.0,P,,0.0,0.0,0.0,0.0,,,,,0.0,123199,,0.0,,0.0,,,,0.0,,0.0,0.0,,0.0,0.0,0.0,0.0,0.0,,0.0,Line has Shipped,,0,,0.0,,00000,4000.0,0.0,0.0,,,0.0,,0.0,1,1
5421617,612201,7,,,,,,,,0.0,249,33105,249,20230725,20230626,20230711,20240409.0,20240410,,20240410,20230725,20230626,20230718,4639356134,,2677,40AW32,40AW32,USD,0.0,,4186020.0,AVAIL,,,,0.0,0.0,0.0,Grainger Int. RRP .038in Dia.,1/EA,S,999,900,11500,,0.0,0.0,0.0,0.0,TLS,339,3X4,Y,WNP,YS,K46,STR,,,EA,10.0,10.0,0.0,0.0,0.0,0.0,10.0,0.0,H,,17.8,178.0,0.0,,N,EA,0.0,9.6867,0.9687,,0.0,,1,,,0.0,0.0,DTEC,ORD,,0.0,0.0,0.0,Y,,,,3,,Y,Y,Y,,,,,10500.0,2001.0,GRD,,,,,PC,,,,EA,10.0,EA,10.0,EA,100000.0,LB,58.0,FC,,ORD,,02,IN19,20.0,24.0,,1,,,,1,,,1,,,,,,,,,,0.0,,,,,,,,O,N,O,0.0,0.0,0.0,0.0,0.0,EA,0,1780.0,10.0,,TMARTIN,124101,231959.0,,,0,,,,,,40AW32,00007,0,0.0,,,0.0,0.0,0,0.0,230036.0,0.0,0.0,0.0,,0.0,,,,0.0,0.0,P,,0.0,0.0,0.0,0.0,,,,,0.0,123199,,0.0,,0.0,,,,3954.0,,0.0,0.0,,0.0,0.0,0.0,0.0,0.0,,0.0,Line has Shipped,,0,,0.0,,00000,7000.0,0.0,0.0,,,0.0,,0.0,1,1
5421748,612234,1,,,00399023,OD,,1,,0.0,802,802,802,20230630,20230626,20230626,20240507.0,20240507,,20240507,20240506,20230626,20230703,315733,,40610,100534157,100534157,USD,0.0,,,,,,,0.0,0.0,0.0,"GNS400H-24(V1,V2)B Heat Exchgr",Direct Ship,D,999,620,11500,,0.0,0.0,0.0,0.0,,,,N,,,,PAK,MSD,,EA,1.0,1.0,0.0,0.0,0.0,0.0,1.0,0.0,S,,1733.88,1733.88,0.0,0,,,0.0,1075.0,10.75,0,0.0,,601,,,0.0,0.0,DTEC,,,0.0,0.0,0.0,Y,,,,5,,Y,Y,Y,,,,,82175.0,0.0,,,,,,FP,,,,EA,1.0,EA,1.0,EA,110000.0,LB,1563.0,FC,,ORD,,,IN19,20.0,24.0,,,,,,,,,1,,2,,,,,,,,0.0,,,,,,,,,,C,0.0,0.0,0.0,0.0,0.0,,0,0.0,0.0,,CBAXTER,124128,231528.0,,,0,,,,,,,,0,0.0,,,0.0,0.0,0,0.0,0.0,0.0,0.0,0.0,,0.0,,,,0.0,0.0,P,,0.0,0.0,0.0,0.0,,,,,0.0,123184,,0.0,,0.0,,,,3993.0,,0.0,0.0,,0.0,0.0,0.0,0.0,0.0,,0.0,Week of May 20 2024,,0,,0.0,,00000,1000.0,0.0,0.0,,,0.0,,0.0,1,1
5422778,612295,37,,,,,,,,0.0,8563,8563,8563,20230627,20230627,20230627,20240614.0,20240614,,20240614,20240624,20230627,20240617,00942-827045,,50723,RSC-TOOL,RSC-TOOL,USD,0.0,,4282460.0,AVAIL,,,,0.0,0.0,0.0,"Tool, Univ, for RSC",1/EA,S,999,904,11500,,0.0,0.0,0.0,0.0,REF,898,3FR,Y,RES,YL,A24,DTC,,C01,EA,14.0,14.0,0.0,0.0,0.0,0.0,14.0,0.0,H,,7.77,108.78,0.0,,N,EA,0.0,6.4116,0.8976,,0.0,,601,,,0.0,0.0,DTEC,ORD,,0.0,0.0,0.0,Y,,,,3,,Y,Y,Y,,,,,10300.0,36049.0,LTL,,,,,MPP,,,,EA,14.0,EA,14.0,EA,14000.0,LB,3669.0,FC,,ORD,,02,IN19,20.0,24.0,,1,,,,1,,,1,,,,,,,,,,0.0,,,,,,,,O,N,L,0.0,0.0,0.0,0.0,0.0,EA,0,777.0,14.0,,JBUI,124166,231731.0,,,0,,,,,,RSC-TOOL,37,0,0.0,,,0.0,0.0,0,0.0,140121.0,0.0,0.0,0.0,,0.0,,,,0.0,0.0,P,,0.0,0.0,0.0,0.0,,,,,0.0,123185,,0.0,,0.0,,,,3983.0,,0.0,0.0,,0.0,0.0,0.0,0.0,0.0,,0.0,Ships Week of Jun 17 2024,,0,,0.0,,00000,37000.0,0.0,0.0,,,0.0,,0.0,1,0
5423735,612347,44,,,,,,,,0.0,21183,31787,21183,20230627,20230627,20230627,20240318.0,20240318,,20240318,20240321,20230627,20240314,PO15791207,,2972,5-SCR103-4DP,5-SCR103-4DP,USD,0.0,,4146090.0,AVAIL,,,,0.0,0.0,0.0,"Scrw,ShtMet,10x3/4,SlfTap,500",500/PK,S,999,900,10400,,0.0,0.0,0.0,0.0,GEN,549,315,Y,SMS,,E15,DTC,,C01,PK,14.0,14.0,0.0,0.0,0.0,0.0,14.0,0.0,H,,16.06,224.84,0.0,,N,PK,0.0,4.8046,0.6726,,4.8046,,TCG,,,0.0,0.0,DTEC,PRODCAT,,0.0,0.0,0.0,Y,,,,4,1,Y,Y,Y,,,,,36018.0,36643.0,LTL,,,,,MPP,,,,PK,14.0,PK,14.0,PK,420000.0,LB,4936.0,FC,,ORD,,02,IN19,20.0,24.0,,1,,,,1,,,1,,,,,,,,,,0.0,,,,,,,,O,N,C,0.0,0.0,0.0,0.0,0.0,EA,0,1606.0,14.0,,JBUI,124078,231644.0,,,0,,,,,,5-SCR103-4DP,44,0,0.0,,,0.0,0.0,0,0.0,181959.0,0.0,0.0,0.0,,0.0,,,,0.0,0.0,P,,0.0,0.0,0.0,0.0,,,,,0.0,123185,,0.0,,0.0,,,,3992.0,,0.0,0.0,,0.0,0.0,0.0,0.0,0.0,,0.0,Ships Week of Mar 25 2024,,0,,0.0,,00000,44000.0,0.0,0.0,,,0.0,,0.0,1,1
5423845,612347,152,,,,,,,,0.0,21183,31787,21183,20230627,20230627,20230627,20240612.0,20240612,,20240612,20240612,20230627,20240605,PO15791207,,50723,RSC-TOOL,RSC-TOOL,USD,0.0,,4275230.0,AVAIL,,,,0.0,0.0,0.0,"Tool, Univ, for RSC",1/EA,S,999,900,10400,,0.0,0.0,0.0,0.0,REF,898,3FR,Y,RES,YL,A24,DTC,,C01,EA,93.0,93.0,0.0,0.0,0.0,0.0,93.0,0.0,H,,12.03,1118.79,0.0,,N,EA,0.0,6.4116,5.9628,,6.4116,,TCG,,,0.0,0.0,DTEC,ORD,,0.0,0.0,0.0,Y,,,,4,1,Y,Y,Y,,,,,10300.0,55699.0,LTL,,,,,MPP,,,,EA,93.0,EA,93.0,EA,93000.0,LB,24370.0,FC,,ORD,,02,IN19,20.0,24.0,,1,,,,1,,,1,,,,,,,,,,0.0,,,,,,,,O,N,C,0.0,0.0,0.0,0.0,0.0,EA,0,1203.0,93.0,,JBUI,124164,231704.0,,,0,,,,,,RSC-TOOL,152,0,0.0,,,0.0,0.0,0,0.0,122102.0,0.0,0.0,0.0,,0.0,,,,0.0,0.0,P,,0.0,0.0,0.0,0.0,,,,,0.0,123185,,0.0,,0.0,,,,3983.0,,0.0,0.0,,0.0,0.0,0.0,0.0,0.0,,0.0,Ships Week of Jun 17 2024,,0,,0.0,,00000,152000.0,0.0,0.0,,,0.0,,0.0,1,1
5424122,612348,234,,,,,,,,0.0,21183,35866,21183,20230627,20230627,20230627,20240613.0,20240613,,20240613,20240612,20230627,20240605,PO15791400,,50723,RSC-TOOL,RSC-TOOL,USD,0.0,,4285650.0,AVAIL,,,,0.0,0.0,0.0,"Tool, Univ, for RSC",1/EA,S,999,904,11500,,0.0,0.0,0.0,0.0,REF,898,3FR,Y,RES,YL,A24,DTC,,C01,EA,266.0,266.0,0.0,0.0,0.0,0.0,266.0,0.0,H,,12.03,3199.98,0.0,,N,EA,0.0,6.4116,17.0549,,6.4116,,TCG,,,0.0,0.0,DTEC,ORD,,0.0,0.0,0.0,Y,,,,4,1,Y,Y,Y,,,,,10300.0,36643.0,LTL,,,,,MPP,,,,EA,266.0,EA,266.0,EA,266000.0,LB,69704.0,FC,,ORD,R,02,IN19,20.0,24.0,,1,,,,1,,,1,,,,,,,,,,0.0,,,,,,,,O,N,C,0.0,0.0,0.0,0.0,0.0,EA,0,1203.0,266.0,,JBUI,124165,232023.0,,,0,,,,,,RSC-TOOL,234,0,0.0,,,0.0,0.0,0,0.0,210618.0,0.0,0.0,0.0,,0.0,,,,0.0,0.0,P,,0.0,0.0,0.0,0.0,,,,,0.0,123185,,0.0,,0.0,,,,3983.0,,0.0,0.0,,0.0,0.0,0.0,0.0,0.0,,0.0,Ships Week of Jun 17 2024,,0,,0.0,,00000,234000.0,0.0,0.0,,,0.0,,0.0,1,1
5424494,612388,8,,,,,,,,0.0,2708,15748,2708,20230706,20230627,20230627,20240606.0,20240606,,20240606,20230711,20230627,20230704,P1624110,,50723,RSC-TOOL,RSC-TOOL,USD,0.0,,4274810.0,AVAIL,,,,0.0,0.0,0.0,"Tool, Univ, for RSC",1/EA,S,999,900,11500,,0.0,0.0,0.0,0.0,REF,898,3FR,Y,RES,YL,A24,DTC,,C01,EA,3.0,3.0,0.0,0.0,0.0,0.0,3.0,0.0,H,,12.03,36.09,0.0,,N,EA,0.0,6.4116,0.1923,,0.0,,TCG,,,0.0,0.0,DTEC,ORD,,0.0,0.0,0.0,Y,,,,3,1,Y,Y,Y,,,,,10300.0,2001.0,GRD,,,,,MPP,,,,EA,3.0,EA,3.0,EA,3000.0,LB,786.0,FC,,ORD,,02,IN19,20.0,24.0,,1,,,,1,,,1,,,,,,,,,,0.0,,,,,,,,O,N,O,0.0,0.0,0.0,0.0,0.0,EA,0,1203.0,3.0,,JBUI,124158,232129.0,,,0,,,,,,270081,000009,0,0.0,,,0.0,0.0,0,0.0,165246.0,0.0,0.0,0.0,,0.0,,,,0.0,0.0,P,,0.0,0.0,0.0,0.0,,,,,0.0,123185,,0.0,,0.0,,,,3983.0,,0.0,0.0,,0.0,0.0,0.0,0.0,0.0,,0.0,Ships Week of Jun 10 2024,,0,,0.0,,00000,8000.0,0.0,0.0,,,0.0,,0.0,1,1
5424999,612502,5.1,,,,,,,,0.0,1835,1835,1835,20230627,20230627,20230627,20240603.0,20240603,,20240603,20230710,20230627,20230703,1045000378,,3499,620-18-4,620-18-4,USD,0.0,,4258270.0,AVAIL,,,,0.0,0.0,0.0,"Wire,T.Stat,18AWG, 4Cond,250ft",4/CA,S,999,904,11500,,0.0,0.0,0.0,0.0,ELE,621,1EC,N,WIR,,G20,DTC,,,EA,4.0,4.0,0.0,0.0,0.0,0.0,4.0,0.0,H,,51.83,207.32,0.0,0,,EA,0.0,106.592,4.2637,0,0.0,,CA,,,0.0,0.0,LATIN,PRODCAT,,0.0,0.0,0.0,Y,,,,4,,Y,Y,Y,,,,,67083.0,2001.0,GRD,,HTG,EXP,,MPP,,,,EA,4.0,EA,4.0,EA,264000.0,LB,4157.0,FC,,ORD,,02,IN20,20.0,24.0,,1,,,,1,,,1,,,,,,,,,,0.0,,,,,,,,O,,7,0.0,0.0,0.0,0.0,0.0,,0,0.0,0.0,,BWILES,124155,231400.0,,,0,,,,,,,,0,0.0,,,0.0,0.0,0,0.0,85229.0,0.0,0.0,0.0,,0.0,,,,0.0,0.0,P,,0.0,0.0,0.0,0.0,,,,,0.0,123185,,0.0,,0.0,,,,3955.0,,0.0,0.0,,0.0,0.0,0.0,0.0,0.0,,0.0,Ships Week of Jun 03 2024,,0,,0.0,,00000,5100.0,0.0,0.0,,,0.0,,0.0,1,1
5425030,612502,46,,,,,,,,0.0,1835,1835,1835,20230627,20230627,20230627,20240524.0,20240524,,20240524,20230710,20230627,20230703,1045000378,,5716,PR294Q,PR294Q,USD,0.0,,3967840.0,AVAIL,,,,0.0,0.0,0.0,SPDT 16A 120V Fan Relay,1/EA,S,999,620,11500,,0.0,0.0,0.0,0.0,ELE,462,,Y,REL,,G15,PAK,,C25,EA,2.0,2.0,0.0,0.0,0.0,0.0,2.0,0.0,H,,7.58,15.16,0.0,1,,EA,0.0,3.1673,0.0633,0,0.0,,CA,,,0.0,0.0,LATIN,,,0.0,0.0,0.0,Y,,,,4,1,Y,Y,Y,,,,,82102.0,2001.0,GRD,,HTG,EXP,,MPP,,,,EA,2.0,EA,2.0,EA,3402.0,LB,120.0,FC,,ORD,,02,IN19,20.0,24.0,,1,,,,1,,,1,,,,,,,,,,0.0,,,,,,,,O,,7,0.0,0.0,0.0,0.0,0.0,,0,0.0,0.0,,BWILES,124145,231329.0,,,0,,,,,,,,0,0.0,,,0.0,0.0,0,0.0,3914.0,0.0,0.0,0.0,,0.0,,,,0.0,0.0,P,,0.0,0.0,0.0,0.0,,,,,0.0,123185,,0.0,,0.0,,,,3955.0,,0.0,0.0,,0.0,0.0,0.0,0.0,0.0,,0.0,Line has Shipped,,0,,0.0,,00000,46000.0,0.0,0.0,,,0.0,,0.0,1,1
5425032,612502,48.1,,,,,,,,0.0,1835,1835,1835,20230627,20230627,20230627,20240524.0,20240524,,20240524,20230710,20230627,20230703,1045000378,,3499,620-18-4,620-18-4,USD,0.0,,3967840.0,AVAIL,,,,0.0,0.0,0.0,"Wire,T.Stat,18AWG, 4Cond,250ft",4/CA,S,999,904,11500,,0.0,0.0,0.0,0.0,ELE,621,1EC,N,WIR,,G20,DTC,,,EA,4.0,4.0,0.0,0.0,0.0,0.0,4.0,0.0,H,,51.83,207.32,0.0,0,,EA,0.0,106.592,4.2637,0,0.0,,CA,,,0.0,0.0,LATIN,PRODCAT,,0.0,0.0,0.0,Y,,,,4,,Y,Y,Y,,,,,67083.0,2001.0,GRD,,HTG,EXP,,MPP,,,,EA,4.0,EA,4.0,EA,264000.0,LB,4157.0,FC,,ORD,,02,IN20,20.0,24.0,,1,,,,1,,,1,,,,,,,,,,0.0,,,,,,,,O,,7,0.0,0.0,0.0,0.0,0.0,,0,0.0,0.0,,BWILES,124145,231329.0,,,0,,,,,,,,0,0.0,,,0.0,0.0,0,0.0,3914.0,0.0,0.0,0.0,,0.0,,,,0.0,0.0,P,,0.0,0.0,0.0,0.0,,,,,0.0,123185,,0.0,,0.0,,,,3955.0,,0.0,0.0,,0.0,0.0,0.0,0.0,0.0,,0.0,Line has Shipped,,0,,0.0,,00000,48100.0,0.0,0.0,,,0.0,,0.0,1,1
5425397,612546,1,,,,,,,,0.0,2004,6515,2004,20230627,20230627,20230627,20240308.0,20240308,,20240308,20231108,20230627,20231101,FC-27420580,,59446,45W,45W,USD,0.0,,4135730.0,AVAIL,,,,0.0,0.0,0.0,6in Reversible Wire Twist Pli,MTS,S,999,900,10400,,0.0,0.0,0.0,0.0,TLS,339,,Y,WNP,,,STR,,US1,EA,24.0,24.0,0.0,0.0,0.0,0.0,24.0,0.0,H,,52.1,1250.4,0.0,,N,EA,0.0,32.8826,7.8918,,32.8826,,WAA,,,0.0,0.0,INDGRP,ORD,,0.0,0.0,0.0,Y,,,,0,1,Y,Y,Y,,,,,10500.0,37351.0,LTL,,,,,MPP,,,,EA,24.0,EA,24.0,EA,240000.0,LB,1111.0,FC,,ORD,,02,IN19,20.0,24.0,,1,,,,1,,,1,,,,,,,,,,0.0,,,,,,,,O,N,7,0.0,0.0,0.0,0.0,0.0,EA,0,5210.0,30.0,,BWILES,124068,231404.0,,,0,,,,,,45W,1,0,0.0,,,0.0,0.0,0,0.0,113503.0,0.0,0.0,0.0,,0.0,,,,0.0,0.0,P,,0.0,0.0,0.0,0.0,,,,,0.0,123185,,0.0,,0.0,,,,3100.0,,0.0,0.0,,0.0,0.0,0.0,0.0,0.0,,0.0,Ships Week of Mar 11 2024,,0,,0.0,,00000,1000.0,0.0,0.0,,,0.0,,0.0,1,1
5425398,612546,1.1,,,,,,,,0.0,2004,6515,2004,20230627,20230627,20230627,20240308.0,20240308,,20240308,20231108,20230627,20231101,FC-27420580,,59446,45W,45W,USD,0.0,,4135730.0,AVAIL,,,,0.0,0.0,0.0,6in Reversible Wire Twist Pli,MTS,S,999,900,10400,,0.0,0.0,0.0,0.0,TLS,339,,Y,WNP,,,STR,,US1,EA,6.0,6.0,0.0,0.0,0.0,0.0,6.0,0.0,H,,52.1,312.6,0.0,,N,EA,0.0,32.8826,1.973,,32.8826,,WAA,,,0.0,0.0,INDGRP,ORD,,0.0,0.0,0.0,Y,,,,0,1,Y,Y,Y,,,,,10500.0,37351.0,LTL,,,,,MPP,,,,EA,6.0,EA,6.0,EA,60000.0,LB,278.0,FC,,ORD,,02,IN19,20.0,24.0,,1,,,,1,,,1,,,,,,,,,,0.0,,,,,,,,O,N,7,0.0,0.0,0.0,0.0,0.0,EA,0,5210.0,30.0,,BWILES,124068,231404.0,,,0,,,,,,45W,1,0,0.0,,,0.0,0.0,0,0.0,113503.0,0.0,0.0,0.0,,0.0,,,,0.0,0.0,P,,0.0,0.0,0.0,0.0,,,,,0.0,123185,,0.0,,0.0,,,,3100.0,,0.0,0.0,,0.0,0.0,0.0,0.0,0.0,,0.0,Ships Week of Mar 11 2024,,0,,0.0,,00000,1100.0,0.0,0.0,,,0.0,,0.0,1,1
5426022,612600,14,,,,,,,,0.0,994,4650,994,20230627,20230627,20230627,20240612.0,20240612,,20240612,20240621,20230627,20240614,P1128810,,50723,RSC-TOOL,RSC-TOOL,USD,0.0,,4279520.0,AVAIL,,,,0.0,0.0,0.0,"Tool, Univ, for RSC",1/EA,S,999,904,11500,,0.0,0.0,0.0,0.0,REF,898,3FR,Y,RES,YL,A24,DTC,,C01,EA,8.0,8.0,0.0,0.0,0.0,0.0,8.0,0.0,H,,7.61,60.88,0.0,0,,EA,0.0,6.4116,0.5129,0,0.0,,601,,,0.0,0.0,DTEC,ORD,,0.0,0.0,0.0,Y,,,,5,1,Y,Y,Y,,,,,10300.0,2001.0,GRD,,,,,MPP,,,,EA,8.0,EA,8.0,EA,8000.0,LB,2096.0,FC,,ORD,,02,IN19,20.0,24.0,,1,,,,1,,,1,,,,,,,,,,0.0,,,,,,,,O,,C,0.0,0.0,0.0,0.0,0.0,,0,0.0,0.0,,JBARRETO,124164,231821.0,,,0,,,,,,,,0,0.0,,,0.0,0.0,0,0.0,181731.0,0.0,0.0,0.0,,0.0,,,,0.0,0.0,P,,0.0,0.0,0.0,0.0,,,,,0.0,123185,,0.0,,0.0,,,,3983.0,,0.0,0.0,,0.0,0.0,0.0,0.0,0.0,,0.0,Ships Week of Jun 17 2024,,0,,0.0,,00000,14000.0,0.0,0.0,,,0.0,,0.0,1,1
5426203,612668,1,,,,,,,,0.0,40240,40825,40240,20231024,20230627,20230915,20240412.0,20240412,,20240412,20231024,20230627,20231017,6234643,,2686,MST25WR,MST25WR,USD,0.0,,4133130.0,,,,,0.0,0.0,0.0,"Wt, 6 In, Rev, Plas, C 47",MTS,S,999,900,11500,,0.0,0.0,0.0,0.0,TLS,339,3X4,Y,WNP,YS,K46,STR,,,EA,25.0,25.0,0.0,0.0,0.0,0.0,25.0,0.0,H,,39.07,976.75,0.0,0,,EA,0.0,35.9847,8.9962,0,35.9847,,N90,,,0.0,0.0,OEMTLGRP,ORD,,0.0,2324180.0,0.0,Y,,,,S,,Y,Y,Y,,,,,10500.0,36643.0,LTL,,,STI,,PC,,,,EA,25.0,EA,25.0,EA,250000.0,LB,1157.0,FC,,ORD,,02,IN19,20.0,24.0,,1,,,,1,,,1,,,,,,,,,,0.0,,,,,,,,,,7,0.0,0.0,0.0,0.0,0.0,,0,0.0,0.0,,TMARTIN,124103,231322.0,,,0,,,,,,,,0,0.0,,,0.0,0.0,0,0.0,110810.0,0.0,0.0,0.0,,0.0,,,,0.0,0.0,P,,0.0,0.0,0.0,0.0,,,,,0.0,123297,,0.0,,0.0,,,,0.0,,0.0,0.0,,0.0,0.0,0.0,0.0,0.0,,0.0,Line has Shipped,,0,,0.0,,00000,1000.0,0.0,0.0,,,0.0,,0.0,1,1
5426204,612668,1.1,,,,,,,,0.0,40240,40825,40240,20231024,20230627,20230915,20240412.0,20240412,,20240412,20231024,20230627,20231017,6234643,,2686,MST25WR,MST25WR,USD,0.0,,4133130.0,,,,,0.0,0.0,0.0,"Wt, 6 In, Rev, Plas, C 47",MTS,S,999,900,11500,,0.0,0.0,0.0,0.0,TLS,339,3X4,Y,WNP,YS,K46,STR,,,EA,75.0,75.0,0.0,0.0,0.0,0.0,75.0,0.0,H,,39.07,2930.25,0.0,0,,EA,0.0,35.9847,26.9885,0,35.9847,,N90,,,0.0,0.0,OEMTLGRP,ORD,,0.0,2324180.0,0.0,Y,,,,S,,Y,Y,Y,,,,,10500.0,36643.0,LTL,,,STI,,PC,,,,EA,75.0,EA,75.0,EA,750000.0,LB,3472.0,FC,,ORD,,02,IN19,20.0,24.0,,1,,,,1,,,1,,,,,,,,,,0.0,,,,,,,,,,7,0.0,0.0,0.0,0.0,0.0,,0,0.0,0.0,,TMARTIN,124103,231322.0,,,0,,,,,,,,0,0.0,,,0.0,0.0,0,0.0,110810.0,0.0,0.0,0.0,,0.0,,,,0.0,0.0,P,,0.0,0.0,0.0,0.0,,,,,0.0,123297,,0.0,,0.0,,,,0.0,,0.0,0.0,,0.0,0.0,0.0,0.0,0.0,,0.0,Line has Shipped,,0,,0.0,,00000,1100.0,0.0,0.0,,,0.0,,0.0,1,1
5426205,612668,1.2,,,,,,,,0.0,40240,40825,40240,20231024,20230627,20230915,20240412.0,20240412,,20240412,20231024,20230627,20231017,6234643,,2686,MST25WR,MST25WR,USD,0.0,,4133130.0,,,,,0.0,0.0,0.0,"Wt, 6 In, Rev, Plas, C 47",MTS,S,999,900,11500,,0.0,0.0,0.0,0.0,TLS,339,3X4,Y,WNP,YS,K46,STR,,,EA,250.0,250.0,0.0,0.0,0.0,0.0,250.0,0.0,H,,39.07,9767.5,0.0,0,,EA,0.0,35.9847,89.9618,0,35.9847,,N90,,,0.0,0.0,OEMTLGRP,ORD,,0.0,2324180.0,0.0,Y,,,,S,,Y,Y,Y,,,,,10500.0,36643.0,LTL,,,STI,,PC,,,,EA,250.0,EA,250.0,EA,2500000.0,LB,11574.0,FC,,ORD,,02,IN19,20.0,24.0,,1,,,,1,,,1,,,,,,,,,,0.0,,,,,,,,,,7,0.0,0.0,0.0,0.0,0.0,,0,0.0,0.0,,TMARTIN,124103,231322.0,,,0,,,,,,,,0,0.0,,,0.0,0.0,0,0.0,110810.0,0.0,0.0,0.0,,0.0,,,,0.0,0.0,P,,0.0,0.0,0.0,0.0,,,,,0.0,123297,,0.0,,0.0,,,,0.0,,0.0,0.0,,0.0,0.0,0.0,0.0,0.0,,0.0,Line has Shipped,,0,,0.0,,00000,1200.0,0.0,0.0,,,0.0,,0.0,1,1
